Mark,12V_power
0,11.475
0,11.475
0,11.475
0,11.475
0,11.475
0,11.475
0,11.3625
0,11.3625
0,11.3625
0,11.3625
0,11.3625
0,11.3625
0,11.3625
0,11.1875
0,11.1875
0,11.1875
0,11.1875
0,11.1875
0,11.1875
0,11.1875
0,11.1875
0,11.125
0,11.125
0,11.125
0,11.125
0,11.125
0,11.125
0,11.125
0,11.1625
0,11.1625
0,11.1625
0,11.1625
0,11.1625
0,11.1625
0,11.1625
0,11.1625
0,11.125
0,11.125
0,11.125
0,11.125
0,11.125
0,11.125
0,11.125
0,11.1625
0,11.1625
0,11.1625
0,11.1625
0,11.1625
0,11.1625
0,11.1625
0,11.1375
0,11.1375
0,11.1375
0,11.1375
0,11.1375
0,11.1375
0,11.1375
0,11.1375
0,11.1625
0,11.1625
0,11.1625
0,11.1625
0,11.1625
0,11.1625
0,11.1625
0,11.1625
0,11.1625
0,11.1625
0,11.1625
0,11.1625
0,11.1625
0,11.1625
0,11.1625
0,11.1625
0,11.1625
0,11.1625
0,11.1625
0,11.1625
0,11.1625
0,11.1625
0,11.125
0,11.125
0,11.125
0,11.125
0,11.125
0,11.125
0,11.125
0,11.2
0,11.2
0,11.2
0,11.2
0,11.2
0,11.2
0,11.2
0,11.2
0,11.1375
0,11.1375
0,11.1375
0,11.1375
0,11.1375
0,11.1375
0,11.1375
0,11.1625
0,11.1625
0,11.1625
0,11.1625
0,11.1625
0,11.1625
0,11.1625
0,11.1625
0,11.1375
0,11.1375
0,11.1375
0,11.1375
0,11.1375
0,11.1375
0,11.1375
0,11.1875
0,11.1875
0,11.1875
0,11.1875
0,11.1875
0,11.1875
0,11.1875
0,11.1625
0,11.1625
0,11.1625
0,11.1625
0,11.1625
0,11.1625
0,11.1625
0,11.1625
0,11.1875
0,11.1875
0,11.1875
0,11.1875
0,11.1875
0,11.1875
0,11.1875
0,11.1375
0,11.1375
0,11.1375
0,11.1375
0,11.1375
0,11.1375
0,11.1375
0,11.1375
0,11.1625
0,11.1625
0,11.1625
0,11.1625
0,11.1625
0,11.1625
0,11.1625
0,11.1375
0,11.1375
0,11.1375
0,11.1375
0,11.1375
0,11.1375
0,11.1375
0,11.1375
0,11.1625
0,11.1625
0,11.1625
0,11.1625
0,11.1625
0,11.1625
0,11.1625
0,11.1625
0,11.1625
0,11.1625
0,11.1625
0,11.1625
0,11.1625
0,11.1625
0,11.1625
0,11.1625
0,11.1625
0,11.1625
0,11.1625
0,11.1625
0,11.1625
0,11.1625
0,11.1375
0,11.1375
0,11.1375
0,11.1375
0,11.1375
0,11.1375
0,11.1375
0,11.1875
0,11.1875
0,11.1875
0,11.1875
0,11.1875
0,11.1875
0,11.1875
0,11.1875
0,11.1375
0,11.1375
0,11.1375
0,11.1375
0,11.1375
0,11.1375
0,11.1375
0,11.1375
0,11.1375
0,11.1375
0,11.1375
0,11.1375
0,11.1375
0,11.1375
0,11.1375
0,11.1375
0,11.1375
0,11.1375
0,11.1375
0,11.1375
0,11.1375
0,11.1375
0,11.1375
0,11.1375
0,11.1375
0,11.1375
0,11.1375
0,11.1375
0,11.1375
0,11.1375
0,11.1375
0,11.1375
0,11.1375
0,11.1375
0,11.1375
0,11.1375
0,11.1375
0,11.2
0,11.2
0,11.2
0,11.2
0,11.2
0,11.2
0,11.2
0,11.1375
0,11.1375
0,11.1375
0,11.1375
0,11.1375
0,11.1375
0,11.1375
0,11.1875
0,11.1875
0,11.1875
0,11.1875
0,11.1875
0,11.1875
0,11.1875
0,11.1875
0,11.1625
0,11.1625
0,11.1625
0,11.1625
0,11.1625
0,11.1625
0,11.1625
0,11.1625
0,11.1625
0,11.1625
0,11.1625
0,11.1625
0,11.1625
0,11.1625
0,11.1625
0,11.1375
0,11.1375
0,11.1375
0,11.1375
0,11.1375
0,11.1375
0,11.1375
0,11.1625
0,11.1625
0,11.1625
0,11.1625
0,11.1625
0,11.1625
0,11.1625
0,11.1625
0,11.1625
0,11.1625
0,11.1625
0,11.1625
0,11.1625
0,11.1625
0,11.1625
0,11.1625
0,11.1625
0,11.1625
0,11.1625
0,11.1625
0,11.1625
0,11.1625
0,11.1625
0,11.1625
0,11.1625
0,11.1625
0,11.1625
0,11.1625
0,11.1625
0,11.1625
0,11.1625
0,11.1625
0,11.1625
0,11.1625
0,11.1625
0,11.1625
0,11.1625
0,11.1375
0,11.1375
0,11.1375
0,11.1375
0,11.1375
0,11.1375
0,11.1375
0,11.1375
0,11.1625
0,11.1625
0,11.1625
0,11.1625
0,11.1625
0,11.1625
0,11.1625
0,11.1375
0,11.1375
0,11.1375
0,11.1375
0,11.1375
0,11.1375
0,11.1375
0,11.1625
0,11.1625
0,11.1625
0,11.1625
0,11.1625
0,11.1625
0,11.1625
0,11.1625
0,11.1375
0,11.1375
0,11.1375
0,11.1375
0,11.1375
0,11.1375
0,11.1375
0,11.1375
0,11.1375
0,11.1375
0,11.1375
0,11.1375
0,11.1375
0,11.1375
0,11.1375
0,11.1625
0,11.1625
0,11.1625
0,11.1625
0,11.1625
0,11.1625
0,11.1625
0,11.1625
0,11.1625
0,11.1625
0,11.1625
0,11.1625
0,11.1625
0,11.1625
0,11.1375
0,11.1375
0,11.1375
0,11.1375
0,11.1375
0,11.1375
0,11.1375
0,11.1375
0,11.1625
0,11.1625
0,11.1625
0,11.1625
0,11.1625
0,11.1625
0,11.1625
0,11.1625
0,11.1625
0,11.1625
0,11.1625
0,11.1625
0,11.1625
0,11.1625
0,11.1625
0,11.1625
0,11.1625
0,11.1625
0,11.1625
0,11.1625
0,11.1625
0,11.1625
0,11.125
0,11.125
0,11.125
0,11.125
0,11.125
0,11.125
0,11.125
0,11.125
0,11.1875
0,11.1875
0,11.1875
0,11.1875
0,11.1875
0,11.1875
0,11.1875
0,11.125
0,11.125
0,11.125
0,11.125
0,11.125
0,11.125
0,11.125
0,11.1875
0,11.1875
0,11.1875
0,11.1875
0,11.1875
0,11.1875
0,11.1875
0,11.1875
0,11.125
0,11.125
0,11.125
0,11.125
0,11.125
0,11.125
0,11.125
0,11.1625
0,11.1625
0,11.1625
0,11.1625
0,11.1625
0,11.1625
0,11.1625
0,11.1375
0,11.1375
0,11.1375
0,11.1375
0,11.1375
0,11.1375
0,11.1375
0,11.1875
0,11.1875
0,11.1875
0,11.1875
0,11.1875
0,11.1875
0,11.1875
0,11.1875
0,11.1375
0,11.1375
0,11.1375
0,11.1375
0,11.1375
0,11.1375
0,11.1375
0,11.1875
0,11.1875
0,11.1875
0,11.1875
0,11.1875
0,11.1875
0,11.1875
0,11.1875
0,11.1875
0,11.1875
0,11.1875
0,11.1875
0,11.1875
0,11.1875
0,11.1875
0,11.1625
0,11.1625
0,11.1625
0,11.1625
0,11.1625
0,11.1625
0,11.1625
0,11.1375
0,11.1375
0,11.1375
0,11.1375
0,11.1375
0,11.1375
0,11.1375
0,11.1375
0,11.1625
0,11.1625
0,11.1625
0,11.1625
0,11.1625
0,11.1625
0,11.1625
0,11.1375
0,11.1375
0,11.1375
0,11.1375
0,11.1375
0,11.1375
0,11.1375
0,11.1375
0,11.1875
0,11.1875
0,11.1875
0,11.1875
0,11.1875
0,11.1875
0,11.1875
0,11.125
0,11.125
0,11.125
0,11.125
0,11.125
0,11.125
0,11.125
0,11.125
0,11.1375
0,11.1375
0,11.1375
0,11.1375
0,11.1375
0,11.1375
0,11.1375
0,11.1625
0,11.1625
0,11.1625
0,11.1625
0,11.1625
0,11.1625
0,11.1625
0,11.1875
0,11.1875
0,11.1875
0,11.1875
0,11.1875
0,11.1875
0,11.1875
0,11.1875
0,11.1375
0,11.1375
0,11.1375
0,11.1375
0,11.1375
0,11.1375
0,11.1375
0,11.1875
0,11.1875
0,11.1875
0,11.1875
0,11.1875
0,11.1875
0,11.1875
0,11.1875
0,11.125
0,11.125
0,11.125
0,11.125
0,11.125
0,11.125
0,11.125
0,11.1625
0,11.1625
0,11.1625
0,11.1625
0,11.1625
0,11.1625
0,11.1625
0,11.1375
0,11.1375
0,11.1375
0,11.1375
0,11.1375
0,11.1375
0,11.1375
0,11.1375
0,11.1375
0,11.1375
0,11.1375
0,11.1375
0,11.1375
0,11.1375
0,11.1375
0,11.1375
0,11.1375
0,11.1375
0,11.1375
0,11.1375
0,11.1375
0,11.1375
0,11.1375
0,11.1625
0,11.1625
0,11.1625
0,11.1625
0,11.1625
0,11.1625
0,11.1625
0,11.1375
0,11.1375
0,11.1375
0,11.1375
0,11.1375
0,11.1375
0,11.1375
0,11.2
0,11.2
0,11.2
0,11.2
0,11.2
0,11.2
0,11.2
0,11.2
0,11.125
0,11.125
0,11.125
0,11.125
0,11.125
0,11.125
0,11.125
0,11.1875
0,11.1875
0,11.1875
0,11.1875
0,11.1875
0,11.1875
0,11.1875
0,11.1875
0,11.1625
0,11.1625
0,11.1625
0,11.1625
0,11.1625
0,11.1625
0,11.1625
0,11.1375
0,11.1375
0,11.1375
0,11.1375
0,11.1375
0,11.1375
0,11.1375
0,11.1375
0,11.1875
0,11.1875
0,11.1875
0,11.1875
0,11.1875
0,11.1875
0,11.1875
0,11.1625
0,11.1625
0,11.1625
0,11.1625
0,11.1625
0,11.1625
0,11.1625
0,11.1375
0,11.1375
0,11.1375
0,11.1375
0,11.1375
0,11.1375
0,11.1375
0,11.1375
0,11.1875
0,11.1875
0,11.1875
0,11.1875
0,11.1875
0,11.1875
0,11.1875
0,11.1375
0,11.1375
0,11.1375
0,11.1375
0,11.1375
0,11.1375
0,11.1375
0,11.1375
0,11.1625
0,11.1625
0,11.1625
0,11.1625
0,11.1625
0,11.1625
0,11.1625
0,11.1375
0,11.1375
0,11.1375
0,11.1375
0,11.1375
0,11.1375
0,11.1375
0,11.1375
0,11.1625
0,11.1625
0,11.1625
0,11.1625
0,11.1625
0,11.1625
0,11.1625
0,11.1875
0,11.1875
0,11.1875
0,11.1875
0,11.1875
0,11.1875
0,11.1875
0,11.1875
0,11.1875
0,11.1875
0,11.1875
0,11.1875
0,11.1875
0,11.1875
0,11.1875
0,11.1625
0,11.1625
0,11.1625
0,11.1625
0,11.1625
0,11.1625
0,11.1625
0,11.1875
0,11.1875
0,11.1875
0,11.1875
0,11.1875
0,11.1875
0,11.1875
0,11.1875
0,11.1375
0,11.1375
0,11.1375
0,11.1375
0,11.1375
0,11.1375
0,11.1375
0,11.1625
0,11.1625
0,11.1625
0,11.1625
0,11.1625
0,11.1625
0,11.1625
0,11.1625
0,11.1625
0,11.1625
0,11.1625
0,11.1625
0,11.1625
0,11.1625
0,11.1625
0,11.1375
0,11.1375
0,11.1375
0,11.1375
0,11.1375
0,11.1375
0,11.2375
0,11.2375
0,11.2375
0,11.2375
0,11.2375
0,11.2375
0,11.2375
0,11.2375
0,11.1625
0,11.1625
0,11.1625
0,11.1625
0,11.1625
0,11.1625
0,11.1625
0,11.1375
0,11.1375
0,11.1375
0,11.1375
0,11.1375
0,11.1375
0,11.1375
0,11.1375
0,11.1875
0,11.1875
0,11.1875
0,11.1875
0,11.1875
0,11.1875
0,11.1875
0,11.1375
0,11.1375
0,11.1375
0,11.1375
0,11.1375
0,11.1375
0,11.1375
0,11.1625
0,11.1625
0,11.1625
0,11.1625
0,11.1625
0,11.1625
0,11.1625
0,11.1625
0,11.1625
0,11.1625
0,11.1625
0,11.1625
0,11.1625
0,11.1625
0,11.1625
0,11.1625
0,11.1625
0,11.1625
0,11.1625
0,11.1625
0,11.1625
0,11.1625
0,11.1625
0,11.1625
0,11.1625
0,11.1625
0,11.1625
0,11.1625
0,11.1625
0,11.1625
0,11.1875
0,11.1875
1,11.1875
1,11.1875
1,11.1875
1,11.1875
1,11.1875
1,11.1875
1,11.2
1,11.2
1,11.2
1,11.2
1,11.2
1,12.5375
1,12.5375
1,12.5375
1,11.9375
1,11.9375
1,11.9375
1,11.9375
1,11.9375
1,11.9375
1,11.9375
1,12.9625
1,12.9625
1,12.9625
1,12.9625
1,12.9625
1,12.9625
1,12.9625
1,13.05
1,13.05
1,13.05
1,13.05
1,13.05
1,13.05
1,13.05
1,13.05
1,13.025
1,13.025
1,13.025
1,13.025
1,13.025
1,13.025
1,13.0
1,13.0
1,13.0
1,13.0
1,13.0
1,13.0
1,13.0
1,12.8625
1,12.8625
1,12.8625
1,12.8625
1,12.8625
1,12.8625
1,12.8625
1,12.8625
1,12.8
1,12.8
1,12.8
1,12.8
1,12.8
1,12.8
1,12.8
1,12.7375
1,12.7375
1,12.7375
1,12.7375
1,12.7375
1,12.7375
1,12.7375
1,12.7375
1,12.825
1,12.825
1,12.825
1,12.825
1,12.825
1,12.825
1,12.825
1,12.7125
1,12.7125
1,12.7125
1,12.7125
1,12.7125
1,12.7125
1,12.7125
1,11.65
1,11.65
1,11.65
1,11.65
1,11.65
1,11.65
1,11.65
1,11.7125
1,11.7125
1,11.7125
1,11.7125
1,11.7125
1,11.7125
1,11.7125
1,11.7125
1,11.65
1,11.65
1,11.65
1,11.65
1,11.65
1,11.65
1,11.65
1,11.5875
1,11.5875
1,11.5875
1,11.5875
1,11.5875
1,11.5875
1,11.5875
1,11.65
1,11.65
1,11.65
1,11.65
1,11.65
1,11.65
1,11.65
1,11.65
1,11.6375
1,11.6375
1,11.6375
1,11.6375
1,11.6375
1,11.6375
1,11.6375
1,11.6375
1,11.6375
1,11.6375
1,11.6375
1,11.6375
1,11.6375
1,11.6375
1,11.6375
1,11.6375
1,11.6375
1,11.6375
1,11.6375
1,11.6375
1,11.6375
1,11.6375
1,11.65
1,11.65
1,11.65
1,11.65
1,11.65
1,11.65
1,11.65
1,11.65
1,11.65
1,11.65
1,11.65
1,11.65
1,11.65
1,11.65
1,11.65
1,11.6375
1,11.6375
1,11.6375
1,11.6375
1,11.6375
1,11.6375
1,11.6375
1,11.6375
1,11.6375
1,11.6375
1,11.6375
1,11.6375
1,11.6375
1,11.6375
1,11.6375
1,11.7
1,11.7
1,11.7
1,11.7
1,11.7
1,11.7
1,11.7
1,11.6125
1,11.6125
1,11.6125
1,11.6125
1,11.6125
1,11.6125
1,11.6125
1,11.6375
1,11.6375
1,11.6375
1,11.6375
1,11.6375
1,11.6375
1,11.6375
1,11.6375
1,11.6125
1,11.6125
1,11.6125
1,11.6125
1,11.6125
1,11.6125
1,11.6125
1,11.6375
1,11.6375
1,11.6375
1,11.6375
1,11.6375
1,11.6375
1,11.6375
1,11.6375
1,11.6375
1,11.6375
1,11.6375
1,11.6375
1,11.6375
1,11.6375
1,11.6375
1,11.65
1,11.65
1,11.65
1,11.65
1,11.65
1,11.65
1,11.65
1,11.6125
1,11.6125
1,11.6125
1,11.6125
1,11.6125
1,11.6125
1,11.6125
1,11.6125
1,11.65
1,11.65
1,11.65
1,11.65
1,11.65
1,11.65
1,11.65
1,11.6375
1,11.6375
1,11.6375
1,11.6375
1,11.6375
1,11.6375
1,11.6375
1,11.6375
1,11.65
1,11.65
1,11.65
1,11.65
1,11.65
1,11.65
1,11.65
1,11.6125
1,11.6125
1,11.6125
1,11.6125
1,11.6125
1,11.6125
1,11.6125
1,11.6375
1,11.6375
1,11.6375
1,11.6375
1,11.6375
1,11.6375
1,11.6375
1,11.6375
1,11.65
1,11.65
1,11.65
1,11.65
1,11.65
1,11.65
1,11.65
1,11.65
1,11.65
1,11.65
1,11.65
1,11.65
1,11.65
1,11.65
1,11.6375
1,11.6375
1,11.6375
1,11.6375
1,11.6375
1,11.6375
1,11.6375
1,11.6375
1,11.65
1,11.65
1,11.65
1,11.65
1,11.65
1,11.65
1,11.65
1,11.6375
1,11.6375
1,11.6375
1,11.6375
1,11.6375
1,11.6375
1,11.6375
1,11.6375
1,11.6375
1,11.6375
1,11.6375
1,11.6375
1,11.6375
1,11.6375
1,11.6375
1,11.6125
1,11.6125
1,11.6125
1,11.6125
1,11.6125
1,11.6125
1,11.6125
1,11.6125
1,11.6375
1,11.6375
1,11.6375
1,11.6375
1,11.6375
1,11.6375
1,11.6375
1,11.65
1,11.65
1,11.65
1,11.65
1,11.65
1,11.65
1,11.65
1,11.65
1,11.65
1,11.65
1,11.65
1,11.65
1,11.65
1,11.65
1,11.65
1,11.5875
1,11.5875
1,11.5875
1,11.5875
1,11.5875
1,11.5875
1,11.5875
1,11.65
1,11.65
1,11.65
1,11.65
1,11.65
1,11.65
1,11.65
1,11.65
1,11.65
1,11.65
1,11.65
1,11.65
1,11.65
1,11.65
1,11.65
1,11.6125
1,11.6125
1,11.6125
1,11.6125
1,11.6125
1,11.6125
1,11.6125
1,11.6125
1,11.6125
1,11.6125
1,11.6125
1,11.6125
1,11.6125
1,11.6125
1,11.6125
1,11.6125
1,11.6125
1,11.6125
1,11.6125
1,11.6125
1,11.6125
1,11.6125
1,11.6375
1,11.6375
1,11.6375
1,11.6375
1,11.6375
1,11.6375
1,11.6375
1,11.6375
1,11.675
1,11.675
1,11.675
1,11.675
1,11.675
1,11.675
1,11.675
1,11.6375
1,11.6375
1,11.6375
1,11.6375
1,11.6375
1,11.6375
1,11.6375
1,11.65
1,11.65
1,11.65
1,11.65
1,11.65
1,11.65
1,11.65
1,11.65
1,11.6125
1,11.6125
1,11.6125
1,11.6125
1,11.6125
1,11.6125
1,11.6125
1,11.65
1,11.65
1,11.65
1,11.65
1,11.65
1,11.65
1,11.65
1,11.65
1,11.6375
1,11.6375
1,11.6375
1,11.6375
1,11.6375
1,11.6375
1,11.6375
1,11.6375
1,11.6375
1,11.6375
1,11.6375
1,11.6375
1,11.6375
1,11.6375
1,11.6375
1,11.6375
1,11.6375
1,11.6375
1,11.6375
1,11.6375
1,11.6375
1,11.6375
1,11.65
1,11.65
1,11.65
1,11.65
1,11.65
1,11.65
1,11.65
1,11.65
1,11.65
1,11.65
1,11.65
1,11.65
1,11.65
1,11.65
1,11.65
1,11.675
1,11.675
1,11.675
1,11.675
1,11.675
1,11.675
1,11.675
1,11.6125
1,11.6125
1,11.6125
1,11.6125
1,11.6125
1,11.6125
1,11.6125
1,11.6125
1,11.6375
1,11.6375
1,11.6375
1,11.6375
1,11.6375
1,11.6375
1,11.6375
1,11.6125
1,11.6125
1,11.6125
1,11.6125
1,11.6125
1,11.6125
1,11.6125
1,11.65
1,11.65
1,11.65
1,11.65
1,11.65
1,11.65
1,11.65
1,11.65
1,11.675
1,11.675
1,11.675
1,11.675
1,11.675
1,11.675
1,11.675
1,11.65
1,11.65
1,11.65
1,11.65
1,11.65
1,11.65
1,11.65
1,11.65
1,11.65
1,11.65
1,11.65
1,11.65
1,11.65
1,11.65
1,11.65
1,11.675
1,11.675
1,11.675
1,11.675
1,11.675
1,11.675
1,11.675
1,11.6375
1,11.6375
1,11.6375
1,11.6375
1,11.6375
1,11.6375
1,11.6375
1,11.6375
1,11.6125
1,11.6125
1,11.6125
1,11.6125
1,11.6125
1,11.6125
1,11.6125
1,11.65
1,11.65
1,11.65
1,11.65
1,11.65
1,11.65
1,11.65
1,11.65
1,11.65
1,11.65
1,11.65
1,11.65
1,11.65
1,11.65
1,11.65
1,11.6375
1,11.6375
1,11.6375
1,11.6375
1,11.6375
1,11.6375
1,11.6375
1,11.675
1,11.675
1,11.675
1,11.675
1,11.675
1,11.675
1,11.675
1,11.675
1,11.65
1,11.65
1,11.65
1,11.65
1,11.65
1,11.65
1,11.65
1,11.7
1,11.7
1,11.7
1,11.7
1,11.7
1,11.7
1,11.7
1,11.7
1,11.65
1,11.65
1,11.65
1,11.65
1,11.65
1,11.65
1,11.65
1,11.65
1,11.65
1,11.65
1,11.65
1,11.65
1,11.65
1,11.65
1,11.65
1,11.65
1,11.65
1,11.65
1,11.65
1,11.65
1,11.65
1,11.65
1,11.675
1,11.675
1,11.675
1,11.675
1,11.675
1,11.675
1,11.675
1,11.675
1,11.675
1,11.675
1,11.675
1,11.675
1,11.675
1,11.675
1,11.6375
1,11.6375
1,11.6375
1,11.6375
1,11.6375
1,11.6375
1,11.6375
1,11.6375
1,11.65
1,11.65
1,11.65
1,11.65
1,11.65
1,11.65
1,11.65
1,11.65
1,11.65
1,11.65
1,11.65
1,11.65
1,11.65
1,11.65
1,11.6375
1,11.6375
1,11.6375
1,11.6375
1,11.6375
1,11.6375
1,11.6375
1,11.6375
1,11.65
1,11.65
1,11.65
1,11.65
1,11.65
1,11.65
1,11.65
1,11.6375
1,11.6375
1,11.6375
1,11.6375
1,11.6375
1,11.6375
1,11.6375
1,11.6375
1,11.65
1,11.65
1,11.65
1,11.65
1,11.65
1,11.65
1,11.65
1,11.675
1,11.675
1,11.675
1,11.675
1,11.675
1,11.675
1,11.675
1,11.675
1,11.675
1,11.675
1,11.675
1,11.675
1,11.675
1,11.675
1,11.675
1,11.65
1,11.65
1,11.65
1,11.65
1,11.65
1,11.65
1,11.65
1,11.675
1,11.675
1,11.675
1,11.675
1,11.675
1,11.675
1,11.675
1,11.675
1,11.6375
1,11.6375
1,11.6375
1,11.6375
1,11.6375
1,11.6375
1,11.6375
1,11.7
1,11.7
1,11.7
1,11.7
1,11.7
1,11.7
1,11.7
1,11.65
1,11.65
1,11.65
1,11.65
1,11.65
1,11.65
1,11.65
1,11.65
1,11.65
1,11.65
1,11.65
1,11.65
1,11.65
1,11.65
1,11.65
1,11.7
1,11.7
1,11.7
1,11.7
1,11.7
1,11.7
1,11.7
1,11.7
1,11.675
1,11.675
1,11.675
1,11.675
1,11.675
1,11.675
1,11.675
1,11.6125
1,11.6125
1,11.6125
1,11.6125
1,11.6125
1,11.6125
1,11.6125
1,11.7
1,11.7
1,11.7
1,11.7
1,11.7
1,11.7
1,11.7
1,11.7
1,11.6375
1,11.6375
1,11.6375
1,11.6375
1,11.6375
1,11.6375
1,11.6375
1,11.65
1,11.65
1,11.65
1,11.65
1,11.65
1,11.65
1,11.65
1,11.65
1,11.65
1,11.65
1,11.65
1,11.65
1,11.65
1,11.65
1,11.65
1,11.65
1,11.65
1,11.65
1,11.65
1,11.65
1,11.65
1,11.65
1,11.65
1,11.65
1,11.65
1,11.65
1,11.65
1,11.65
1,11.65
1,11.65
1,11.65
1,11.65
1,11.65
1,11.65
1,11.65
1,11.65
1,11.65
1,11.6375
1,11.6375
1,11.6375
1,11.6375
1,11.6375
1,11.6375
1,11.6375
1,11.6375
1,11.675
1,11.675
1,11.675
1,11.675
1,11.675
1,11.675
1,11.675
1,11.6375
1,11.6375
1,11.6375
1,11.6375
1,11.6375
1,11.6375
1,11.6375
1,11.6375
1,11.675
1,11.675
1,11.675
1,11.675
1,11.675
1,11.675
1,11.675
1,11.65
1,11.65
1,11.65
1,11.65
1,11.65
1,11.65
1,11.65
1,11.65
1,11.65
1,11.65
1,11.65
1,11.65
1,11.65
1,11.65
1,11.65
1,11.65
1,11.65
1,11.65
1,11.65
1,11.65
1,11.65
1,11.65
1,11.65
1,11.65
1,11.65
1,11.65
1,11.65
1,11.65
1,11.65
1,11.65
1,11.65
1,11.65
1,11.65
1,11.65
1,11.65
1,11.65
1,11.65
1,11.675
1,11.675
1,11.675
1,11.675
1,11.675
1,11.675
1,11.675
1,11.675
1,11.675
1,11.675
1,11.675
1,11.675
1,11.675
1,11.675
1,11.675
1,11.65
1,11.65
1,11.65
1,11.65
1,11.65
1,11.65
1,11.65
1,11.65
1,11.65
1,11.65
1,11.65
1,11.65
1,11.65
1,11.65
1,11.65
1,11.65
1,11.65
1,11.65
1,11.65
1,11.65
1,11.65
1,11.65
1,11.675
1,11.675
1,11.675
1,11.675
1,11.675
1,11.675
1,11.675
1,11.65
1,11.65
1,11.65
1,11.65
1,11.65
1,11.65
1,11.65
1,11.65
1,11.65
1,11.65
1,11.65
1,11.65
1,11.65
1,11.65
1,11.65
1,11.65
1,11.65
1,11.65
1,11.65
1,11.65
1,11.65
1,11.65
1,11.65
1,11.65
1,11.65
1,11.65
1,11.65
1,11.65
1,11.65
1,11.65
1,11.65
1,11.65
1,11.65
1,11.65
1,11.65
1,11.65
1,11.65
1,11.65
1,11.65
1,11.65
1,11.65
1,11.65
1,11.65
1,11.65
1,11.65
1,11.65
1,11.65
1,11.65
1,11.65
1,11.65
1,11.65
1,11.65
1,11.675
1,11.675
1,11.675
1,11.675
1,11.675
1,11.675
1,11.675
1,11.675
1,11.675
1,11.675
1,11.675
1,11.675
1,11.675
1,11.675
1,11.675
1,11.6375
1,11.6375
1,11.6375
1,11.6375
1,11.6375
1,11.6375
1,11.6375
1,11.675
1,11.675
1,11.675
1,11.675
1,11.675
1,11.675
1,11.675
1,11.675
1,11.6125
1,11.6125
1,11.6125
1,11.6125
1,11.6125
1,11.6125
1,11.6125
1,11.6375
1,11.6375
1,11.6375
1,11.6375
1,11.6375
1,11.6375
1,11.6375
1,11.6375
1,11.65
1,11.65
1,11.65
1,11.65
1,11.65
1,11.65
1,11.65
1,11.65
1,11.65
1,11.65
1,11.65
1,11.65
1,11.65
1,11.65
1,11.65
1,11.65
1,11.65
1,11.65
1,11.65
1,11.65
1,11.65
1,11.65
1,11.6375
1,11.6375
1,11.6375
1,11.6375
1,11.6375
1,11.6375
1,11.6375
1,11.6375
1,11.6375
1,11.6375
1,11.6375
1,11.6375
1,11.6375
1,11.6375
1,11.6375
1,11.675
1,11.675
1,11.675
1,11.675
1,11.675
1,11.675
1,11.675
1,11.65
1,11.65
1,11.65
1,11.65
1,11.65
1,11.65
1,11.65
1,11.65
1,11.65
1,11.65
1,11.65
1,11.65
1,11.65
1,11.65
1,11.65
1,11.675
1,11.675
1,11.675
1,11.675
1,11.675
1,11.675
1,11.675
1,11.65
1,11.65
1,11.65
1,11.65
1,11.65
1,11.65
1,11.65
1,11.65
1,11.65
1,11.65
1,11.65
1,11.65
1,11.65
1,11.65
1,11.65
1,11.7
1,11.7
1,11.7
1,11.7
1,11.7
1,11.7
1,11.7
1,11.7
1,11.65
1,11.65
1,11.65
1,11.65
1,11.65
1,11.65
1,11.65
1,11.65
1,11.65
1,11.65
1,11.65
1,11.65
1,11.65
1,11.65
1,11.65
1,11.65
1,11.65
1,11.65
1,11.65
1,11.65
1,11.65
1,11.65
1,11.6375
1,11.6375
1,11.6375
1,11.6375
1,11.6375
1,11.6375
1,11.6375
1,11.65
1,11.65
1,11.65
1,11.65
1,11.65
1,11.65
1,11.65
1,11.65
1,11.65
1,11.65
1,11.65
1,11.65
1,11.65
1,11.65
1,11.65
1,11.65
1,11.65
1,11.65
1,11.65
1,11.65
1,11.65
1,11.65
1,11.425
1,11.425
1,11.425
1,11.425
1,11.425
1,11.425
1,11.425
1,11.425
1,11.1875
1,11.1875
1,11.1875
1,11.1875
1,11.1875
1,11.1875
1,11.1875
1,11.225
1,11.225
1,11.225
1,11.225
1,11.225
1,11.225
1,11.225
1,11.225
1,11.1875
1,11.1875
1,11.1875
1,11.1875
1,11.1875
1,11.1875
1,11.1875
1,11.1875
1,11.1875
1,11.1875
1,11.1875
1,11.1875
1,11.1875
1,11.1875
1,11.1625
1,11.1625
1,11.1625
1,11.1625
1,11.1625
1,11.1625
1,11.1625
1,11.1625
1,11.1875
1,11.1875
1,11.1875
1,11.1875
1,11.1875
1,11.1875
1,11.1875
1,11.2
1,11.2
1,11.2
1,11.2
1,11.2
1,11.2
1,11.2
1,11.2
1,11.1875
1,11.1875
1,11.1875
1,11.1875
1,11.1875
1,11.1875
1,11.1875
1,11.1625
1,11.1625
1,11.1625
1,11.1625
1,11.1625
1,11.1625
1,11.1625
1,11.1875
1,11.1875
1,11.1875
1,11.1875
1,11.1875
1,11.1875
1,11.1875
1,11.1875
1,11.1875
1,11.1875
1,11.1875
1,11.1875
1,11.1875
1,11.1875
1,11.1875
1,11.1875
1,11.1875
1,11.1875
1,11.1875
1,11.1875
1,11.1875
1,11.1875
1,11.1875
1,11.1875
1,11.1875
1,11.1875
1,11.1875
1,11.1875
1,11.1875
1,11.1875
1,11.1625
1,11.1625
1,11.1625
1,11.1625
1,11.1625
1,11.1625
1,11.1625
1,11.225
1,11.225
1,11.225
1,11.225
1,11.225
1,11.225
1,11.225
1,11.225
1,11.1625
1,11.1625
1,11.1625
1,11.1625
1,11.1625
1,11.1625
1,11.1625
1,11.1625
1,11.1625
1,11.1625
1,11.1625
1,11.1625
1,11.1625
1,11.1625
1,11.1625
1,11.2
1,11.2
1,11.2
1,11.2
1,11.2
1,11.2
1,11.2
1,11.1875
1,11.1875
1,11.1875
1,11.1875
1,11.1875
1,11.1875
1,11.1875
1,11.1875
1,11.1875
1,11.1875
1,11.1875
1,11.1875
1,11.1875
1,11.1875
1,11.1875
1,11.1875
1,11.1875
1,11.1875
1,11.1875
1,11.1875
1,11.1875
1,11.1875
1,11.1875
1,11.1875
1,11.1875
1,11.1875
1,11.1875
1,11.1875
1,11.1875
1,11.2
1,11.2
1,11.2
1,11.2
1,11.2
1,11.2
1,11.2
1,11.2
1,11.2
1,11.2
1,11.2
1,11.2
1,11.2
1,11.2
1,11.2
1,11.1875
1,11.1875
1,11.1875
1,11.1875
1,11.1875
1,11.1875
1,11.1875
1,11.1875
1,11.2
1,11.2
1,11.2
1,11.2
1,11.2
1,11.2
1,11.2
1,11.1625
1,11.1625
1,11.1625
1,11.1625
1,11.1625
1,11.1625
1,11.1625
1,11.1625
1,11.1625
1,11.1625
1,11.1625
1,11.1625
1,11.1625
1,11.1625
1,11.1625
1,11.1875
1,11.1875
1,11.1875
1,11.1875
1,11.1875
1,11.1875
1,11.1875
1,11.1625
1,11.1625
1,11.1625
1,11.1625
1,11.1625
1,11.1625
1,11.1625
1,11.1625
1,11.2
1,11.2
1,11.2
1,11.2
1,11.2
1,11.2
1,11.2
1,11.1875
1,11.1875
1,11.1875
1,11.1875
1,11.1875
1,11.1875
1,11.1875
1,11.1625
1,11.1625
1,11.1625
1,11.1625
1,11.1625
1,11.1625
1,11.1625
1,11.1625
1,11.2
1,11.2
1,11.2
1,11.2
1,11.2
1,11.2
1,11.2
1,11.1625
1,11.1625
1,11.1625
1,11.1625
1,11.1625
1,11.1625
1,11.1625
1,11.1625
1,11.1375
1,11.1375
1,11.1375
1,11.1375
1,11.1375
1,11.1375
1,11.1375
1,11.1625
1,11.1625
1,11.1625
1,11.1625
1,11.1625
1,11.1625
1,11.1625
1,11.1625
1,11.1625
1,11.1625
1,11.1625
1,11.1625
1,11.1625
1,11.1625
1,11.1625
1,11.1875
1,11.1875
1,11.1875
1,11.1875
1,11.1875
1,11.1875
1,11.1875
1,11.1875
1,11.1875
1,11.1875
1,11.1875
1,11.1875
1,11.1875
1,11.1875
1,11.1875
1,11.1375
1,11.1375
1,11.1375
1,11.1375
1,11.1375
1,11.1375
1,11.1375
1,11.1625
1,11.1625
1,11.1625
1,11.1625
1,11.1625
1,11.1625
1,11.1625
1,11.1625
1,11.1625
1,11.1625
1,11.1625
1,11.1625
1,11.1625
1,11.1625
1,11.1625
1,11.1375
1,11.1375
1,11.1375
1,11.1375
1,11.1375
1,11.1375
1,11.1375
1,11.1875
1,11.1875
1,11.1875
1,11.1875
1,11.1875
1,11.1875
1,11.1875
1,11.1875
1,11.1625
1,11.1625
1,11.1625
1,11.1625
1,11.1625
1,11.1625
1,11.1625
1,11.1625
1,11.1625
1,11.1625
1,11.1625
1,11.1625
1,11.1625
1,11.1625
1,11.2
1,11.2
1,11.2
1,11.2
1,11.2
1,11.2
1,11.2
1,11.2
1,11.1625
1,11.1625
1,11.1625
1,11.1625
1,11.1625
1,11.1625
1,11.1625
1,11.1875
1,11.1875
1,11.1875
1,11.1875
1,11.1875
1,11.1875
1,11.1875
1,11.1875
1,11.1625
1,11.1625
1,11.1625
1,11.1625
1,11.1625
1,11.1625
1,11.1625
1,11.1375
1,11.1375
1,11.1375
1,11.1375
1,11.1375
1,11.1375
1,11.1375
1,11.1625
1,11.1625
1,11.1625
1,11.1625
1,11.1625
1,11.1625
1,11.1625
1,11.1625
1,11.125
1,11.125
1,11.125
1,11.125
1,11.125
1,11.125
1,11.125
1,11.1875
1,11.1875
1,11.1875
1,11.1875
1,11.1875
1,11.1875
1,11.1875
1,11.1875
1,11.1875
1,11.1875
1,11.1875
1,11.1875
1,11.1875
1,11.1875
1,11.1875
1,11.1625
1,11.1625
1,11.1625
1,11.1625
1,11.1625
1,11.1625
1,11.1625
1,11.1625
1,11.1625
1,11.1625
1,11.1625
1,11.1625
1,11.1625
1,11.1625
1,11.1625
1,11.125
1,11.125
1,11.125
1,11.125
1,11.125
1,11.125
1,11.125
1,11.1375
1,11.1375
1,11.1375
1,11.1375
1,11.1375
1,11.1375
1,11.1375
1,11.1375
1,11.1625
1,11.1625
1,11.1625
1,11.1625
1,11.1625
1,11.1625
1,11.1625
1,11.1625
1,11.1625
1,11.1625
1,11.1625
1,11.1625
1,11.1625
1,11.1625
1,11.1625
1,11.1625
1,11.1625
1,11.1625
1,11.1625
1,11.1625
1,11.1625
1,11.1625
1,11.1375
1,11.1375
1,11.1375
1,11.1375
1,11.1375
1,11.1375
1,11.1375
1,11.1625
1,11.1625
1,11.1625
1,11.1625
1,11.1625
1,11.1625
1,11.1625
1,11.1625
1,11.1875
1,11.1875
1,11.1875
1,11.1875
1,11.1875
1,11.1875
1,11.1875
1,11.1375
1,11.1375
1,11.1375
1,11.1375
1,11.1375
1,11.1375
1,11.1375
1,11.1375
1,11.1375
1,11.1375
1,11.1375
1,11.1375
1,11.1375
1,11.1375
1,11.1375
1,11.1875
1,11.1875
1,11.1875
1,11.1875
1,11.1875
1,11.1875
1,11.1875
1,11.1625
1,11.1625
1,11.1625
1,11.1625
1,11.1625
1,11.1625
1,11.1625
1,11.1625
1,11.2
1,11.2
1,11.2
1,11.2
1,11.2
1,11.2
1,11.2
1,11.1625
1,11.1625
1,11.1625
1,11.1625
1,11.1625
1,11.1625
1,11.1625
1,11.1625
1,11.1875
1,11.1875
1,11.1875
1,11.1875
1,11.1875
1,11.1875
1,11.1875
1,11.2
1,11.2
1,11.2
1,11.2
1,11.2
1,11.2
1,11.2
1,11.1625
1,11.1625
1,11.1625
1,11.1625
1,11.1625
1,11.1625
1,11.1625
1,11.1625
1,11.1375
1,11.1375
1,11.1375
1,11.1375
1,11.1375
1,11.1375
1,11.1375
1,11.1625
1,11.1625
1,11.1625
1,11.1625
1,11.1625
1,11.1625
1,11.1625
1,11.1625
1,11.1625
1,11.1625
1,11.1625
1,11.1625
1,11.1625
1,11.1625
1,11.1625
1,11.1875
1,11.1875
1,11.1875
1,11.1875
1,11.1875
1,11.1875
1,11.1875
1,11.1875
1,11.1875
1,11.1875
1,11.1875
1,11.1875
1,11.1875
1,11.1875
1,11.1875
1,11.1625
1,11.1625
1,11.1625
1,11.1625
1,11.1625
1,11.1625
1,11.1625
1,11.1875
1,11.1875
1,11.1875
2,11.1875
2,11.1875
2,11.1875
2,11.1875
2,11.1875
2,11.1875
2,11.1875
2,11.1875
2,11.1875
2,11.1875
2,11.1875
2,11.1875
2,11.1625
2,11.1625
2,11.1625
2,11.1625
2,11.1625
2,11.1625
2,11.1625
2,11.1875
2,11.1875
2,11.1875
2,11.1875
2,11.1875
2,11.1875
2,11.1875
2,11.1875
2,11.1625
2,11.1625
2,11.1625
2,11.1625
2,11.1625
2,11.1625
2,11.1625
2,11.2
2,11.2
2,11.2
2,11.2
2,11.2
2,11.2
2,11.2
2,11.2
2,11.1625
2,11.1625
2,11.1625
2,11.1625
2,11.1625
2,11.1625
2,11.1625
2,11.1375
2,11.1375
2,11.1375
2,11.1375
2,11.1375
2,11.1375
2,11.1375
2,11.1875
2,11.1875
2,11.1875
2,11.1875
2,11.1875
2,11.1875
2,11.1875
2,11.1875
2,11.1375
2,11.1375
2,11.1375
2,11.1375
2,11.1375
2,11.1375
2,11.1375
2,11.1625
2,11.1625
2,11.1625
2,11.1625
2,11.1625
2,11.1625
2,11.1625
2,11.1625
2,11.1375
2,11.1375
2,11.1375
2,11.1375
2,11.1375
2,11.1375
2,11.1375
2,11.1375
2,11.1375
2,11.1375
2,11.1375
2,11.1375
2,11.1375
2,11.1375
2,11.1875
2,11.1875
2,11.1875
2,11.1875
2,11.1875
2,11.1875
2,11.1875
2,11.1875
2,11.1625
2,11.1625
2,11.1625
2,11.1625
2,11.1625
2,11.1625
2,11.1625
2,11.1625
2,11.1625
2,11.1625
2,11.1625
2,11.1625
2,11.1625
2,11.1625
2,11.1625
2,11.1875
2,11.1875
2,11.1875
2,11.1875
2,11.1875
2,11.1875
2,11.1875
2,11.1375
2,11.1375
2,11.1375
2,11.1375
2,11.1375
2,11.1375
2,11.1375
2,11.1375
2,11.1875
2,11.1875
2,11.1875
2,11.1875
2,11.1875
2,11.1875
2,11.1875
2,11.1875
2,11.1875
2,11.1875
2,11.1875
2,11.1875
2,11.1875
2,11.1875
2,11.1625
2,11.1625
2,11.1625
2,11.1625
2,11.1625
2,11.1625
2,11.1625
2,11.1625
2,11.1875
2,11.1875
2,11.1875
2,11.1875
2,11.1875
2,11.1875
2,11.1875
2,11.1625
2,11.1625
2,11.1625
2,11.1625
2,11.1625
2,11.1625
2,11.1625
2,11.1625
2,11.1375
2,11.1375
2,11.1375
2,11.1375
2,11.1375
2,11.1375
2,11.1375
2,11.1875
2,11.1875
2,11.1875
2,11.1875
2,11.1875
2,11.1875
2,11.1875
2,11.1625
2,11.1625
2,11.1625
2,11.1625
2,11.1625
2,11.1625
2,11.1625
2,11.1625
2,11.1625
2,11.1625
2,11.1625
2,11.1625
2,11.1625
2,11.1625
2,11.1625
2,11.1625
2,11.1625
2,11.1625
2,11.1625
2,11.1625
2,11.1625
2,11.1625
2,11.1625
2,11.1375
2,11.1375
2,11.1375
2,11.1375
2,11.1375
2,11.1375
2,11.1375
2,11.1625
2,11.1625
2,11.1625
2,11.1625
2,11.1625
2,11.1625
2,11.1625
2,11.1875
2,11.1875
2,11.1875
2,11.1875
2,11.1875
2,11.1875
2,11.1875
2,11.1875
2,11.1375
2,11.1375
2,11.1375
2,11.1375
2,11.1375
2,11.1375
2,11.1375
2,11.1875
2,11.1875
2,11.1875
2,11.1875
2,11.1875
2,11.1875
2,11.1875
2,11.1875
2,11.1625
2,11.1625
2,11.1625
2,11.1625
2,11.1375
2,11.1375
2,11.1375
2,11.1375
2,11.1375
2,11.1375
2,11.1375
2,11.2
2,11.2
2,11.2
2,11.2
2,11.2
2,11.2
2,11.2
2,11.2
2,11.125
2,11.125
2,11.125
2,11.125
2,11.125
2,11.125
2,11.125
2,11.1625
2,11.1625
2,11.1625
2,11.1625
2,11.1625
2,11.1625
2,11.1625
2,11.1625
2,11.1625
2,11.1625
2,11.1625
2,11.1625
2,11.1625
2,11.1625
2,11.1625
2,11.1625
2,11.1625
2,11.1625
2,11.1625
2,11.1625
2,11.1625
2,11.1625
2,11.1875
2,11.1875
2,11.1875
2,11.1875
2,11.1875
2,11.1875
2,11.1875
2,11.1375
2,11.1375
2,11.1375
2,11.1375
2,11.1375
2,11.1375
2,11.1375
2,11.1375
2,11.1375
2,11.1375
2,11.1375
2,11.1375
2,11.1375
2,11.1375
2,11.1375
2,11.1625
2,11.1625
2,11.1625
2,11.1625
2,11.1625
2,11.1625
2,11.1625
2,11.1625
2,11.1625
2,11.1625
2,11.1625
2,11.1625
2,11.1625
2,11.1625
2,11.1625
2,11.1375
2,11.1375
2,11.1375
2,11.1375
2,11.1375
2,11.1375
2,11.1375
2,11.2
2,11.2
2,11.2
2,11.2
2,11.2
2,11.2
2,11.2
2,11.2
2,11.1625
2,11.1625
2,11.1625
2,11.1625
2,11.1625
2,11.1625
2,11.1625
2,11.2
2,11.2
2,11.2
2,11.2
2,11.2
2,11.2
2,11.2
2,11.2
2,11.1625
2,11.1625
2,11.1625
2,11.1625
2,11.1625
2,11.1625
2,11.1625
2,11.1875
2,11.1875
2,11.1875
2,11.1875
2,11.1875
2,11.1875
2,11.1875
2,11.1875
2,11.1875
2,11.1875
2,11.1875
2,11.1875
2,11.1875
2,11.1875
2,11.1875
2,11.1375
2,11.1375
2,11.1375
2,11.1375
2,11.1375
2,11.1375
2,11.1375
2,11.1625
2,11.1625
2,11.1625
2,11.1625
2,11.1625
2,11.1625
2,11.1625
2,11.1625
2,11.1625
2,11.1625
2,11.1625
2,11.1625
2,11.1625
2,11.1625
2,11.1625
2,11.1375
2,11.1375
2,11.1375
2,11.1375
2,11.1375
2,11.1375
2,11.1375
2,11.1875
2,11.1875
2,11.1875
2,11.1875
2,11.1875
2,11.1875
2,11.1875
2,11.1875
2,11.1875
2,11.1875
2,11.1875
2,11.1875
2,11.1875
2,11.1875
2,11.1875
2,11.1625
2,11.1625
2,11.1625
2,11.1625
2,11.1625
2,11.1625
2,11.1625
2,11.1625
2,11.1875
2,11.1875
2,11.1875
2,11.1875
2,11.1875
2,11.1875
2,11.1875
2,11.1375
2,11.1375
2,11.1375
2,11.1375
2,11.1375
2,11.1375
2,11.1375
2,11.1375
2,11.1875
2,11.1875
2,11.1875
2,11.1875
2,11.1875
2,11.1875
2,11.1875
2,11.1375
2,11.1375
2,11.1375
2,11.1375
2,11.1375
2,11.1375
2,11.1375
2,11.1375
2,11.1375
2,11.1375
2,11.1375
2,11.1375
2,11.1375
2,11.1375
2,11.1375
2,11.1875
2,11.1875
2,11.1875
2,11.1875
2,11.1875
2,11.1875
2,11.1875
2,11.1375
2,11.1375
2,11.1375
2,11.1375
2,11.1375
2,11.1375
2,11.1375
2,11.1375
2,11.1625
2,11.1625
2,11.1625
2,11.1625
2,11.1625
2,11.1625
2,11.1625
2,11.1625
2,11.1625
2,11.1625
2,11.1625
2,11.1625
2,11.1625
2,11.1625
2,11.1625
2,11.1625
2,11.1625
2,11.1625
2,11.1625
2,11.1625
2,11.1625
2,11.1625
2,11.1625
2,11.1625
2,11.1625
2,11.1625
2,11.1625
2,11.1625
2,11.1625
2,11.1625
2,11.1625
2,11.1625
2,11.1625
2,11.1625
2,11.1625
2,11.1625
2,11.1625
2,11.1625
2,11.1625
2,11.1625
2,11.1625
2,11.1625
2,11.1625
2,11.1625
2,11.1875
2,11.1875
2,11.1875
2,11.1875
2,11.1875
2,11.1875
2,11.1875
2,11.1375
2,11.1375
2,11.1375
2,11.1375
2,11.1375
2,11.1375
2,11.1375
2,11.1375
2,11.1625
2,11.1625
2,11.1625
2,11.1625
2,11.1625
2,11.1625
2,11.1625
2,11.1875
2,11.1875
2,11.1875
2,11.1875
2,11.1875
2,11.1875
2,11.1875
2,11.1875
2,11.1375
2,11.1375
2,11.1375
2,11.1375
2,11.1375
2,11.1375
2,11.1375
2,11.1875
2,11.1875
2,11.1875
2,11.1875
2,11.1875
2,11.1875
2,11.1875
2,11.1875
2,11.1875
2,11.1875
2,11.1875
2,11.1875
2,11.1875
2,11.1875
2,11.1875
2,11.1625
2,11.1625
2,11.1625
2,11.1625
2,11.1625
2,11.1625
2,11.1625
2,11.2
2,11.2
2,11.2
2,11.2
2,11.2
2,11.2
2,11.2
2,11.2
2,11.1625
2,11.1625
2,11.1625
2,11.1625
2,11.1625
2,11.1625
2,11.1625
2,11.1375
2,11.1375
2,11.1375
2,11.1375
2,11.1375
2,11.1375
2,11.1375
2,11.1625
2,11.1625
2,11.1625
2,11.1625
2,11.1625
2,11.1625
2,11.1625
2,11.1625
2,11.1375
2,11.1375
2,11.1375
2,11.1375
2,11.1375
2,11.1375
2,11.1375
2,11.2
2,11.2
2,11.2
2,11.2
2,11.2
2,11.2
2,11.2
2,11.2
2,11.1875
2,11.1875
2,11.1875
2,11.1875
2,11.1875
2,11.1875
2,11.1875
2,11.1375
2,11.1375
2,11.1375
2,11.1375
2,11.1375
2,11.1375
2,11.1375
2,11.2
2,11.2
2,11.2
2,11.2
2,11.2
2,11.2
2,11.2
2,11.2
2,11.1625
2,11.1625
2,11.1625
2,11.1625
2,11.1625
2,11.1625
2,11.1625
2,11.1875
2,11.1875
2,11.1875
2,11.1875
2,11.1875
2,11.1875
2,11.1875
2,11.1875
2,11.1625
2,11.1625
2,11.1625
2,11.1625
2,11.1625
2,11.1625
2,11.1625
2,11.1625
2,11.1625
2,11.1625
2,11.1625
2,11.1625
2,11.1625
2,11.1625
2,11.1625
2,11.1875
2,11.1875
2,11.1875
2,11.1875
2,11.1875
2,11.1875
2,11.1875
2,11.1875
2,11.1875
2,11.1875
2,11.1875
2,11.1875
2,11.1875
2,11.1875
2,11.1625
2,11.1625
2,11.1625
2,11.1625
2,11.1625
2,11.1625
2,11.1625
2,11.1625
2,11.1875
2,11.1875
2,11.1875
2,11.1875
2,11.1875
2,11.1875
2,11.1875
2,11.1625
2,11.1625
2,11.1625
2,11.1625
2,11.1625
2,11.1625
2,11.1625
2,11.1625
2,11.1625
2,11.1625
2,11.1625
2,11.1625
2,11.1625
2,11.1625
2,11.1625
2,11.1875
2,11.1875
2,11.1875
2,11.1875
2,11.1875
2,11.1875
2,11.1875
2,11.1625
2,11.1625
2,11.1625
2,11.1625
2,11.1625
2,11.1625
2,11.1625
2,11.1625
2,11.1625
2,11.1625
2,11.1625
2,11.1625
2,11.1625
2,11.1625
2,11.1625
2,11.1375
2,11.1375
2,11.1375
2,11.1375
2,11.1375
2,11.1375
2,11.1375
2,11.1375
2,11.1625
2,11.1625
2,11.1625
2,11.1625
2,11.1625
2,11.1625
2,11.1625
2,11.2
2,11.2
2,11.2
2,11.2
2,11.2
2,11.2
2,11.2
2,11.1375
2,11.1375
2,11.1375
2,11.1375
2,11.1375
2,11.1375
2,11.1375
2,11.1375
2,11.1625
2,11.1625
2,11.1625
2,11.1625
2,11.1625
2,11.1625
2,11.1625
2,11.1875
2,11.1875
2,11.1875
2,11.1875
2,11.1875
2,11.1875
2,11.1875
2,11.1875
2,11.1875
2,11.1875
2,11.1875
2,11.1875
2,11.1875
2,11.1875
2,11.1875
2,11.1625
2,11.1625
2,11.1625
2,11.1625
2,11.1625
2,11.1625
2,11.1625
2,11.1625
2,11.1625
2,11.1625
2,11.1625
2,11.1625
2,11.1625
2,11.1625
2,11.1625
2,11.1625
2,11.1625
2,11.1625
2,11.1625
2,11.1625
2,11.1625
2,11.1625
2,11.2
2,11.2
2,11.2
2,11.2
2,11.2
2,11.2
2,11.2
2,11.2
2,11.1625
2,11.1625
2,11.1625
2,11.1625
2,11.1625
2,11.1625
2,11.1625
2,11.1625
2,11.1625
2,11.1625
