,RO_VALUE,LAYER_OR_BOUNDARY
0,20004,layer
1,19984,layer
2,20000,layer
3,20000,layer
4,19980,layer
5,19980,layer
6,19980,layer
7,20000,layer
8,19986,layer
9,20000,layer
10,20005,layer
11,19980,layer
12,19980,layer
13,19980,layer
14,20000,layer
15,20000,layer
16,20000,layer
17,19968,layer
18,19984,layer
19,20004,layer
20,20000,layer
21,20000,layer
22,20000,layer
23,19984,layer
24,19998,layer
25,19998,layer
26,20000,layer
27,20000,layer
28,20000,layer
29,20000,layer
30,20004,layer
31,19998,layer
32,19976,layer
33,19980,layer
34,19980,layer
35,19992,layer
36,20000,layer
37,20002,layer
38,20005,layer
39,19980,layer
40,19980,layer
41,19978,layer
42,20000,layer
43,20000,layer
44,19980,layer
45,20000,layer
46,20000,layer
47,20000,layer
48,20000,layer
49,20004,layer
50,20002,layer
51,20000,layer
52,20000,layer
53,20019,layer
54,20020,layer
55,19984,layer
56,19984,layer
57,19984,layer
58,19988,layer
59,20004,layer
60,20000,layer
61,19984,layer
62,20000,layer
63,19860,layer
64,19882,layer
65,19900,layer
66,19940,layer
67,19980,layer
68,20060,layer
69,20040,layer
70,19940,layer
71,19860,layer
72,19840,layer
73,19860,layer
74,19900,layer
75,19940,layer
76,19980,layer
77,20024,layer
78,20040,layer
79,20000,layer
80,19900,layer
81,19880,layer
82,19880,layer
83,19900,layer
84,19960,layer
85,19982,layer
86,19968,layer
87,20060,layer
88,19984,layer
89,19880,layer
90,19853,layer
91,19883,layer
92,19918,layer
93,19960,layer
94,20000,layer
95,19979,layer
96,20011,layer
97,20004,layer
98,19982,layer
99,20004,layer
100,19980,layer
101,20004,layer
102,20000,layer
103,19980,layer
104,20020,layer
105,20004,layer
106,20000,layer
107,20007,layer
108,20002,layer
109,20000,layer
110,19984,layer
111,19982,layer
112,20000,layer
113,20000,layer
114,20007,layer
115,20004,layer
116,20004,layer
117,19992,layer
118,20000,layer
119,20020,layer
120,20004,layer
121,20000,layer
122,20005,layer
123,20013,layer
124,20013,boundary
125,19978,layer
126,19980,layer
127,19976,layer
128,19893,layer
129,19860,layer
130,19864,layer
131,19884,layer
132,19936,layer
133,19980,layer
134,20011,layer
135,20036,layer
136,20020,layer
137,19900,layer
138,19860,layer
139,19860,layer
140,19880,layer
141,19900,layer
142,19940,layer
143,19980,layer
144,20060,layer
145,20007,layer
146,19907,layer
147,19848,layer
148,19864,layer
149,19899,layer
150,19940,layer
151,19960,layer
152,19981,layer
153,20060,layer
154,20020,layer
155,19920,layer
156,19864,layer
157,19860,layer
158,19887,layer
159,19940,layer
160,19980,layer
161,20000,layer
162,20027,layer
163,20000,layer
164,19980,layer
165,19980,layer
166,19984,layer
167,20000,layer
168,19968,layer
169,19997,layer
170,19964,layer
171,20020,layer
172,19986,layer
173,19880,layer
174,19840,layer
175,19854,layer
176,19880,layer
177,19900,layer
178,19940,layer
179,19980,layer
180,20060,layer
181,20020,layer
182,19884,layer
183,19844,layer
184,19860,layer
185,19877,layer
186,19908,layer
187,19960,layer
188,20000,layer
189,20064,layer
190,20020,layer
191,19984,layer
192,19884,layer
193,19880,layer
194,19884,layer
195,19919,layer
196,19940,layer
197,19980,layer
198,19984,layer
199,20060,layer
200,20007,layer
201,19938,layer
202,19840,layer
203,19860,layer
204,19850,layer
205,19920,layer
206,19978,layer
207,19980,layer
208,20004,layer
209,20000,layer
210,19982,layer
211,20000,layer
212,20000,layer
213,20000,layer
214,20000,layer
215,19999,layer
216,19980,layer
217,20024,layer
218,20000,layer
219,19900,layer
220,19860,layer
221,19866,layer
222,19884,layer
223,19920,layer
224,19960,layer
225,19980,layer
226,20032,layer
227,20019,layer
228,19900,layer
229,19860,layer
230,19860,layer
231,19880,layer
232,19943,layer
233,19964,layer
234,20005,layer
235,20060,layer
236,20020,layer
237,19964,layer
238,19862,layer
239,19860,layer
240,19860,layer
241,19897,layer
242,19944,layer
243,19980,layer
244,19980,layer
245,20044,layer
246,20004,layer
247,19900,layer
248,19846,layer
249,19860,layer
250,19900,layer
251,19979,layer
252,20000,layer
253,20040,layer
254,20006,layer
255,19998,layer
256,19978,layer
257,20000,layer
258,20000,layer
259,20000,layer
260,19998,layer
261,19978,layer
262,20040,layer
263,20024,layer
264,19960,layer
265,19864,layer
266,19860,layer
267,19860,layer
268,19880,layer
269,19876,layer
270,19940,layer
271,20023,layer
272,20046,layer
273,19984,layer
274,19860,layer
275,19860,layer
276,19880,layer
277,19900,layer
278,19940,layer
279,19980,layer
280,19980,layer
281,20060,layer
282,20000,layer
283,19920,layer
284,19844,layer
285,19860,layer
286,19862,layer
287,19920,layer
288,19983,layer
289,20000,layer
290,20047,layer
291,20047,layer
292,19980,layer
293,19860,layer
294,19864,layer
295,19878,layer
296,19920,layer
297,19973,layer
298,19980,layer
299,19980,layer
300,20000,layer
301,19989,layer
302,20000,layer
303,20000,layer
304,20009,layer
305,20000,layer
306,20000,layer
307,19980,layer
308,19980,layer
309,20020,layer
310,19992,layer
311,19880,layer
312,19840,layer
313,19883,layer
314,19904,layer
315,19940,layer
316,19976,layer
317,19977,layer
318,20040,layer
319,20000,layer
320,19920,layer
321,19860,layer
322,19856,layer
323,19880,layer
324,19936,layer
325,19948,layer
326,20000,layer
327,20056,layer
328,20024,layer
329,19960,layer
330,19880,layer
331,19860,layer
332,19884,layer
333,19920,layer
334,19944,layer
335,19980,layer
336,19980,layer
337,20054,layer
338,20000,layer
339,19904,layer
340,19880,layer
341,19864,layer
342,19866,layer
343,19900,layer
344,19940,layer
345,19987,layer
346,20037,layer
347,20000,layer
348,19980,layer
349,19980,layer
350,19976,layer
351,19980,layer
352,19980,layer
353,20000,layer
354,19960,layer
355,20006,layer
356,20006,layer
357,19920,layer
358,19848,layer
359,19880,layer
360,19878,layer
361,19934,layer
362,19960,layer
363,19980,layer
364,20000,layer
365,20040,layer
366,19980,layer
367,19860,layer
368,19854,layer
369,19860,layer
370,19902,layer
371,19942,layer
372,19980,layer
373,19980,layer
374,20040,layer
375,20020,layer
376,19940,layer
377,19877,layer
378,19860,layer
379,19880,layer
380,19924,layer
381,19984,layer
382,19984,layer
383,20040,layer
384,20020,layer
385,19980,layer
386,19860,layer
387,19859,layer
388,19883,layer
389,19900,layer
390,19960,layer
391,20000,layer
392,20005,layer
393,20002,layer
394,19984,layer
395,19998,layer
396,20000,layer
397,19985,layer
398,20000,layer
399,19980,layer
400,19976,layer
401,19944,layer
402,20006,layer
403,20000,layer
404,19922,layer
405,19860,layer
406,19860,layer
407,19880,layer
408,19940,layer
409,20000,layer
410,20000,layer
411,20012,layer
412,20020,layer
413,19980,layer
414,19880,layer
415,19880,layer
416,19884,layer
417,19904,layer
418,19940,layer
419,19980,layer
420,19980,layer
421,20060,layer
422,20000,layer
423,19922,layer
424,19860,layer
425,19866,layer
426,19886,layer
427,19934,layer
428,19984,layer
429,20000,layer
430,20020,layer
431,20033,layer
432,19980,layer
433,19883,layer
434,19854,layer
435,19879,layer
436,19900,layer
437,19940,layer
438,19980,layer
439,19984,layer
440,20020,layer
441,20000,layer
442,19968,layer
443,20000,layer
444,20000,layer
445,20005,layer
446,20000,layer
447,20000,layer
448,19960,layer
449,20020,layer
450,19960,layer
451,19860,layer
452,19846,layer
453,19880,layer
454,19920,layer
455,19944,layer
456,19976,layer
457,19980,layer
458,20098,layer
459,20000,layer
460,19920,layer
461,19862,layer
462,19860,layer
463,19880,layer
464,19920,layer
465,19945,layer
466,20014,layer
467,20020,layer
468,20040,layer
469,19980,layer
470,19900,layer
471,19860,layer
472,19851,layer
473,19900,layer
474,19944,layer
475,19980,layer
476,19980,layer
477,20040,layer
478,20000,layer
479,19880,layer
480,19860,layer
481,19860,layer
482,19880,layer
483,19940,layer
484,20005,layer
485,20005,layer
486,20020,layer
487,19982,layer
488,19978,layer
489,19999,layer
490,20000,layer
491,19984,layer
492,19984,layer
493,20000,layer
494,20004,layer
495,20000,layer
496,20018,layer
497,20000,layer
498,19980,layer
499,19980,layer
500,20014,layer
501,20002,layer
502,19991,layer
503,20000,layer
504,19986,layer
505,19984,layer
506,20000,layer
507,20004,layer
508,20020,layer
509,20000,layer
510,19980,layer
511,20000,layer
512,19992,layer
513,20000,layer
514,20000,boundary
515,19940,layer
516,19960,layer
517,20000,layer
518,19982,layer
519,20000,layer
520,20001,layer
521,19900,layer
522,19860,layer
523,19880,layer
524,19886,layer
525,19980,layer
526,20000,layer
527,19984,layer
528,19982,layer
529,19986,layer
530,20000,layer
531,20000,layer
532,19944,layer
533,20020,layer
534,20009,layer
535,20004,layer
536,20014,layer
537,20004,layer
538,19880,layer
539,19842,layer
540,19866,layer
541,19900,layer
542,19980,layer
543,20000,layer
544,20000,layer
545,19996,layer
546,19983,layer
547,19980,layer
548,19980,layer
549,19945,layer
550,20009,layer
551,20020,layer
552,20003,layer
553,20000,layer
554,20000,layer
555,19980,layer
556,19880,layer
557,19840,layer
558,19860,layer
559,19924,layer
560,19980,layer
561,20000,layer
562,19980,layer
563,19984,layer
564,20000,layer
565,20000,layer
566,19980,layer
567,19980,layer
568,20006,layer
569,20004,layer
570,19980,layer
571,20000,layer
572,20000,layer
573,19893,layer
574,19844,layer
575,19860,layer
576,19866,layer
577,19960,layer
578,20003,layer
579,20000,layer
580,19984,layer
581,19980,layer
582,19980,layer
583,19984,layer
584,19960,layer
585,20015,layer
586,20004,layer
587,20020,layer
588,20004,layer
589,20004,layer
590,19946,layer
591,19850,layer
592,19853,layer
593,19880,layer
594,19966,layer
595,20004,layer
596,20000,layer
597,19980,layer
598,19980,layer
599,20000,layer
600,20000,layer
601,19964,layer
602,19964,layer
603,20006,layer
604,20020,layer
605,20004,layer
606,19986,layer
607,19980,layer
608,19867,layer
609,19840,layer
610,19864,layer
611,19940,layer
612,19985,layer
613,20000,layer
614,20000,layer
615,20005,layer
616,19980,layer
617,19978,layer
618,20000,layer
619,19980,layer
620,20018,layer
621,20020,layer
622,20000,layer
623,20004,layer
624,20004,layer
625,19920,layer
626,19851,layer
627,19860,layer
628,19880,layer
629,19960,layer
630,19980,layer
631,20000,layer
632,19980,layer
633,19984,layer
634,19980,layer
635,19980,layer
636,19940,layer
637,20000,layer
638,20024,layer
639,20002,layer
640,19980,layer
641,19984,layer
642,19980,layer
643,19884,layer
644,19875,layer
645,19866,layer
646,19924,layer
647,19980,layer
648,20006,layer
649,20000,layer
650,19980,layer
651,19980,layer
652,19980,layer
653,19979,layer
654,19964,layer
655,20020,layer
656,20004,layer
657,19976,layer
658,19992,layer
659,19920,layer
660,19860,layer
661,19860,layer
662,19880,layer
663,19980,layer
664,20018,layer
665,20000,layer
666,19980,layer
667,19980,layer
668,19980,layer
669,19998,layer
670,19960,layer
671,20020,layer
672,20007,layer
673,20004,layer
674,20004,layer
675,19968,layer
676,19900,layer
677,19867,layer
678,19860,layer
679,19940,layer
680,20000,layer
681,20000,layer
682,20003,layer
683,20000,layer
684,20000,layer
685,20000,layer
686,19980,layer
687,19980,layer
688,20020,layer
689,20007,layer
690,20004,layer
691,19980,layer
692,19900,layer
693,19860,layer
694,19878,layer
695,19884,layer
696,19982,layer
697,20000,layer
698,20000,layer
699,19994,layer
700,19999,layer
701,20000,layer
702,19980,layer
703,19942,layer
704,20016,layer
705,20020,layer
706,20000,layer
707,20000,layer
708,20020,layer
709,19900,layer
710,19877,layer
711,19866,layer
712,19900,layer
713,20000,layer
714,20000,layer
715,19992,layer
716,20005,layer
717,19996,layer
718,19976,layer
719,19982,layer
720,19960,layer
721,20020,layer
722,20001,layer
723,19980,layer
724,19984,layer
725,20000,layer
726,19944,layer
727,19860,layer
728,19860,layer
729,19880,layer
730,19980,layer
731,20013,layer
732,20000,layer
733,19980,layer
734,19980,layer
735,20000,layer
736,19980,layer
737,19960,layer
738,20001,layer
739,20004,layer
740,20002,layer
741,20016,layer
742,20004,layer
743,19958,layer
744,19864,layer
745,19848,layer
746,19860,layer
747,19944,layer
748,20004,layer
749,20004,layer
750,19978,layer
751,19980,layer
752,19959,layer
753,20004,layer
754,19980,layer
755,20018,layer
756,20017,layer
757,20000,layer
758,20000,layer
759,20000,layer
760,20000,layer
761,19880,layer
762,19860,layer
763,19868,layer
764,19900,layer
765,19996,layer
766,20006,layer
767,20000,layer
768,20000,layer
769,19994,layer
770,20000,layer
771,20000,layer
772,19980,layer
773,20020,layer
774,20016,layer
775,19988,layer
776,19980,layer
777,19980,layer
778,19929,layer
779,19863,layer
780,19860,layer
781,19882,layer
782,19980,layer
783,20014,layer
784,20004,layer
785,20000,layer
786,19978,layer
787,20000,layer
788,19991,layer
789,19980,layer
790,20020,layer
791,20020,layer
792,20006,layer
793,19986,layer
794,19981,layer
795,20000,layer
796,19924,layer
797,19882,layer
798,19884,layer
799,19904,layer
800,19983,layer
801,20025,layer
802,19998,layer
803,20000,layer
804,19980,layer
805,19980,layer
806,19972,layer
807,19953,layer
808,20020,layer
809,20000,layer
810,20000,layer
811,20024,layer
812,20000,layer
813,19996,layer
814,19966,layer
815,19880,layer
816,19880,layer
817,19962,layer
818,20000,layer
819,20000,layer
820,20000,layer
821,19980,layer
822,19980,layer
823,19980,layer
824,19980,layer
825,19980,layer
826,20002,layer
827,20004,layer
828,20004,layer
829,20006,layer
830,20014,layer
831,19920,layer
832,19860,layer
833,19860,layer
834,19860,layer
835,19980,layer
836,20020,layer
837,20002,layer
838,19982,layer
839,19980,layer
840,19984,layer
841,19980,layer
842,19960,layer
843,20004,layer
844,20000,layer
845,20000,layer
846,20000,layer
847,20006,layer
848,20006,layer
849,19909,layer
850,19860,layer
851,19864,layer
852,19900,layer
853,20000,layer
854,20006,layer
855,20004,layer
856,20000,layer
857,20004,layer
858,20004,layer
859,19998,layer
860,19940,layer
861,20000,layer
862,20000,layer
863,20000,layer
864,20024,layer
865,20006,layer
866,20020,layer
867,19900,layer
868,19860,layer
869,19860,layer
870,19880,layer
871,19980,layer
872,20000,layer
873,20005,layer
874,19980,layer
875,19980,layer
876,19986,layer
877,19992,layer
878,19940,layer
879,20000,layer
880,20004,layer
881,20000,layer
882,19980,layer
883,19980,layer
884,19980,layer
885,19880,layer
886,19840,layer
887,19880,layer
888,19940,layer
889,20004,layer
890,20020,layer
891,20000,layer
892,19980,layer
893,20005,layer
894,19984,layer
895,20000,layer
896,19980,layer
897,20020,layer
898,20004,layer
899,19978,layer
900,20004,layer
901,20000,layer
902,20000,layer
903,19938,layer
904,19860,layer
905,19860,layer
906,19880,layer
907,19984,layer
908,20013,layer
909,20000,layer
910,20014,layer
911,19980,layer
912,19980,layer
913,20000,layer
914,19960,layer
915,20004,layer
916,20000,layer
917,20000,layer
918,20004,layer
919,20007,layer
920,20004,layer
921,19904,layer
922,19844,layer
923,19860,layer
924,19864,layer
925,19980,layer
926,20015,layer
927,19980,layer
928,19980,layer
929,19986,layer
930,19991,layer
931,19993,layer
932,19940,layer
933,20000,layer
934,20006,layer
935,20013,layer
936,20002,layer
937,20006,layer
938,19998,layer
939,19960,layer
940,19887,layer
941,19883,layer
942,19856,layer
943,19927,layer
944,19980,layer
945,20000,layer
946,20000,layer
947,19980,layer
948,19994,layer
949,19980,layer
950,19960,layer
951,20000,layer
952,20013,layer
953,20000,layer
954,19980,layer
955,20000,layer
956,19984,layer
957,19920,layer
958,19892,layer
959,19913,layer
960,19980,layer
961,20006,layer
962,19978,layer
963,20000,layer
964,20004,layer
965,19992,layer
966,19969,layer
967,19960,layer
968,20050,layer
969,20020,layer
970,20006,layer
971,20000,layer
972,19984,layer
973,20000,layer
974,20004,layer
975,19921,layer
976,19864,layer
977,19880,layer
978,19925,layer
979,19968,layer
980,20013,layer
981,20007,layer
982,19952,layer
983,19956,layer
984,19980,layer
985,20009,layer
986,19997,layer
987,20000,layer
988,20020,layer
989,20000,layer
990,20004,layer
991,20000,layer
992,19960,layer
993,19913,layer
994,19900,layer
995,19940,layer
996,20000,layer
997,20006,layer
998,19985,layer
999,20000,layer
1000,20004,layer
1001,19984,layer
1002,20000,layer
1003,20004,layer
1004,20000,layer
1005,19984,layer
1006,19978,layer
1007,20002,layer
1008,20017,layer
1009,20006,layer
1010,20000,layer
1011,19987,layer
1012,20000,layer
1013,19980,layer
1014,20015,layer
1015,19998,layer
1016,20000,layer
1017,20012,layer
1018,20000,layer
1019,20000,layer
1020,20000,layer
1021,19988,layer
1022,19980,layer
1023,19977,layer
1024,20000,layer
1025,19997,layer
1026,19980,layer
1027,20002,layer
1028,20000,layer
1029,19980,layer
1030,19980,layer
1031,19968,layer
1032,20000,layer
1033,20000,layer
1034,20020,layer
1035,20020,layer
1036,20000,layer
1037,19980,layer
1038,20000,layer
1039,19998,layer
1040,20004,layer
1041,20000,layer
1042,20000,layer
1043,20014,layer
1044,20004,layer
1045,19984,layer
1046,19980,layer
1047,19980,layer
1048,20000,layer
1049,20000,layer
1050,20000,layer
1051,20014,layer
1052,20020,layer
1053,20006,layer
1054,20000,layer
1055,19992,layer
1056,19984,layer
1057,20000,layer
1058,19980,layer
1059,19980,layer
1060,19980,layer
1061,20000,layer
1062,20000,layer
1063,20000,layer
1064,20000,layer
1065,20000,layer
1066,20000,layer
1067,20000,layer
1068,19984,layer
1069,19980,layer
1070,19984,layer
1071,20000,layer
1072,20000,layer
1073,20016,layer
1074,19984,layer
1075,19984,layer
1076,19980,layer
1077,19984,layer
1078,19990,layer
1079,19991,layer
1080,19989,layer
1081,20004,layer
1082,20000,layer
1083,19960,layer
1084,19976,layer
1085,20020,layer
1086,20020,layer
1087,20007,layer
1088,20000,layer
1089,20000,layer
1090,20006,layer
1091,20000,layer
1092,19980,layer
1093,19968,layer
1094,20014,layer
1095,20000,layer
1096,19987,layer
1097,20000,layer
1098,20000,layer
1099,20000,layer
1100,20020,layer
1101,20014,layer
1102,19998,layer
1103,19980,layer
1104,20000,layer
1105,20000,layer
1106,20013,layer
1107,20006,layer
1108,20015,layer
1109,20000,layer
1110,20001,layer
1111,20000,layer
1112,20004,layer
1113,20000,layer
1114,19978,layer
1115,19984,layer
1116,20000,layer
1117,20006,layer
1118,20006,layer
1119,20000,layer
1120,19980,layer
1121,19960,layer
1122,19980,layer
1123,20000,layer
1124,20014,layer
1125,20000,layer
1126,19980,layer
1127,19980,layer
1128,19982,layer
1129,20000,layer
1130,20006,layer
1131,20004,layer
1132,20000,layer
1133,20000,layer
1134,19989,layer
1135,20004,layer
1136,20000,layer
1137,20000,layer
1138,20000,layer
1139,20004,layer
1140,20004,layer
1141,20011,layer
1142,19996,layer
1143,19984,layer
1144,20000,layer
1145,20013,layer
1146,20004,layer
1147,20000,layer
1148,20000,layer
1149,20001,layer
1150,19984,layer
1151,20000,layer
1152,20000,layer
1153,20000,layer
1154,20004,layer
1155,20000,layer
1156,20004,layer
1157,20000,layer
1158,19980,layer
1159,19980,layer
1160,19984,layer
1161,20000,layer
1162,20016,layer
1163,20000,layer
1164,19980,layer
1165,19998,layer
1166,19998,layer
1167,20017,layer
1168,20004,layer
1169,19982,layer
1170,19984,layer
1171,20002,layer
1172,20000,layer
1173,20000,layer
1174,20000,layer
1175,20000,layer
1176,20004,layer
1177,20000,layer
1178,19980,layer
1179,19980,layer
1180,20000,layer
1181,20004,layer
1182,20006,layer
1183,19980,layer
1184,19962,layer
1185,19962,boundary
1186,20003,layer
1187,20022,layer
1188,20000,layer
1189,19980,layer
1190,19980,layer
1191,20000,layer
1192,20004,layer
1193,20004,layer
1194,19980,layer
1195,19980,layer
1196,19992,layer
1197,19976,layer
1198,20000,layer
1199,19980,layer
1200,19980,layer
1201,19980,layer
1202,20004,layer
1203,20008,layer
1204,19978,layer
1205,20005,layer
1206,19997,layer
1207,19980,layer
1208,19994,layer
1209,20000,layer
1210,19984,layer
1211,19982,layer
1212,19980,layer
1213,19980,layer
1214,20004,layer
1215,20000,layer
1216,19986,layer
1217,19980,layer
1218,19980,layer
1219,19978,layer
1220,20004,layer
1221,19980,layer
1222,20004,layer
1223,20000,layer
1224,20020,layer
1225,20000,layer
1226,19978,layer
1227,19960,layer
1228,19962,layer
1229,19947,layer
1230,19967,layer
1231,20000,layer
1232,20000,layer
1233,19980,layer
1234,20003,layer
1235,19980,layer
1236,19998,layer
1237,20000,layer
1238,19982,layer
1239,19980,layer
1240,20000,layer
1241,19984,layer
1242,20000,layer
1243,19980,layer
1244,19980,layer
1245,20000,layer
1246,19980,layer
1247,19980,layer
1248,19980,layer
1249,20000,layer
1250,19991,layer
1251,20002,layer
1252,20003,layer
1253,19980,layer
1254,19964,layer
1255,19980,layer
1256,20000,layer
1257,20006,layer
1258,19993,layer
1259,19964,layer
1260,19980,layer
1261,19980,layer
1262,20004,layer
1263,20000,layer
1264,19980,layer
1265,19980,layer
1266,19960,layer
1267,19980,layer
1268,20004,layer
1269,20020,layer
1270,19964,layer
1271,19964,layer
1272,19960,layer
1273,19980,layer
1274,20000,layer
1275,20000,layer
1276,19964,layer
1277,19980,layer
1278,19984,layer
1279,20000,layer
1280,20005,layer
1281,19984,layer
1282,19980,layer
1283,19984,layer
1284,20000,layer
1285,19988,layer
1286,20001,layer
1287,20000,layer
1288,19980,layer
1289,20000,layer
1290,20004,layer
1291,19980,layer
1292,19992,layer
1293,20004,layer
1294,19980,layer
1295,19993,layer
1296,19992,layer
1297,20000,layer
1298,20000,layer
1299,19984,layer
1300,19984,layer
1301,19980,layer
1302,19960,layer
1303,19960,layer
1304,19964,layer
1305,19980,layer
1306,20000,layer
1307,19980,layer
1308,19980,layer
1309,20000,layer
1310,20000,layer
1311,19980,layer
1312,19964,layer
1313,19980,layer
1314,19968,layer
1315,19980,layer
1316,19980,layer
1317,19992,layer
1318,19980,layer
1319,19980,layer
1320,19980,layer
1321,19980,layer
1322,20000,layer
1323,20000,layer
1324,20000,layer
1325,19980,layer
1326,19960,layer
1327,19960,layer
1328,19978,layer
1329,20013,layer
1330,20004,layer
1331,20000,layer
1332,20000,layer
1333,20000,layer
1334,20005,layer
1335,19980,layer
1336,19980,layer
1337,19980,layer
1338,20000,layer
1339,20000,layer
1340,19998,layer
1341,19987,layer
1342,20000,layer
1343,20000,layer
1344,20002,layer
1345,20000,layer
1346,20013,layer
1347,19980,layer
1348,19980,layer
1349,19980,layer
1350,20000,layer
1351,20007,layer
1352,20000,layer
1353,19980,layer
1354,19959,layer
1355,19980,layer
1356,19980,layer
1357,19980,layer
1358,19984,layer
1359,19968,layer
1360,19980,layer
1361,20018,layer
1362,19980,layer
1363,19960,layer
1364,19964,layer
1365,19980,layer
1366,19998,layer
1367,20001,layer
1368,20000,layer
1369,19980,layer
1370,19980,layer
1371,19980,layer
1372,20000,layer
1373,20000,layer
1374,19980,layer
1375,19980,layer
1376,20000,layer
1377,19992,layer
1378,20006,layer
1379,19980,layer
1380,19964,layer
1381,19966,layer
1382,19982,layer
1383,20000,layer
1384,20002,layer
1385,20000,layer
1386,19978,layer
1387,20010,layer
1388,20000,layer
1389,20000,layer
1390,20000,layer
1391,20000,layer
1392,19980,layer
1393,20020,layer
1394,20000,layer
1395,19980,layer
1396,19984,layer
1397,20000,layer
1398,19978,layer
1399,19976,layer
1400,20000,layer
1401,19974,layer
1402,19982,layer
1403,19980,layer
1404,20000,layer
1405,20000,layer
1406,20000,layer
1407,19980,layer
1408,19980,layer
1409,19980,layer
1410,20000,layer
1411,19998,layer
1412,20000,layer
1413,19980,layer
1414,19984,layer
1415,20000,layer
1416,20000,layer
1417,19978,layer
1418,19982,layer
1419,19916,layer
1420,19980,layer
1421,19980,layer
1422,19980,layer
1423,19964,layer
1424,19980,layer
1425,19980,layer
1426,19984,layer
1427,20000,layer
1428,20001,layer
1429,19984,layer
1430,19971,layer
1431,19992,layer
1432,20000,layer
1433,20000,layer
1434,20000,layer
1435,20010,layer
1436,20004,layer
1437,20000,layer
1438,19983,layer
1439,19979,layer
1440,19978,layer
1441,20000,layer
1442,20020,layer
1443,20000,layer
1444,20012,layer
1445,20004,layer
1446,20005,layer
1447,19984,layer
1448,19994,layer
1449,20000,layer
1450,19976,layer
1451,19980,layer
1452,19984,layer
1453,19984,boundary
1454,19980,layer
1455,20000,layer
1456,19967,layer
1457,19966,layer
1458,19978,layer
1459,19980,layer
1460,19978,layer
1461,19840,layer
1462,19840,layer
1463,20009,layer
1464,20014,layer
1465,19971,layer
1466,19980,layer
1467,19978,layer
1468,19980,layer
1469,19840,layer
1470,19840,layer
1471,19980,layer
1472,20000,layer
1473,20000,layer
1474,20026,layer
1475,20005,layer
1476,19980,layer
1477,20000,layer
1478,19984,layer
1479,20011,layer
1480,19924,layer
1481,19834,layer
1482,20020,layer
1483,19984,layer
1484,19980,layer
1485,20000,layer
1486,19980,layer
1487,19940,layer
1488,19820,layer
1489,19921,layer
1490,19984,layer
1491,20000,layer
1492,19980,layer
1493,19980,layer
1494,19980,layer
1495,20000,layer
1496,19993,layer
1497,20000,layer
1498,19980,layer
1499,19820,layer
1500,19924,layer
1501,20000,layer
1502,20005,layer
1503,19980,layer
1504,19967,layer
1505,19980,layer
1506,20011,layer
1507,19840,layer
1508,19900,layer
1509,20000,layer
1510,20000,layer
1511,19999,layer
1512,20000,layer
1513,19988,layer
1514,20000,layer
1515,19987,layer
1516,19980,layer
1517,19980,layer
1518,19840,layer
1519,19840,layer
1520,20020,layer
1521,20000,layer
1522,19984,layer
1523,19980,layer
1524,19980,layer
1525,19824,layer
1526,19824,layer
1527,20000,layer
1528,20020,layer
1529,20000,layer
1530,20020,layer
1531,19980,layer
1532,19960,layer
1533,19964,layer
1534,19958,layer
1535,19980,layer
1536,19900,layer
1537,19824,layer
1538,20020,layer
1539,20000,layer
1540,20000,layer
1541,19980,layer
1542,19984,layer
1543,19980,layer
1544,19900,layer
1545,19840,layer
1546,19980,layer
1547,20020,layer
1548,20008,layer
1549,20000,layer
1550,19980,layer
1551,19960,layer
1552,19980,layer
1553,19984,layer
1554,20001,layer
1555,20002,layer
1556,19844,layer
1557,19884,layer
1558,20000,layer
1559,20000,layer
1560,19980,layer
1561,19980,layer
1562,19980,layer
1563,19980,layer
1564,19840,layer
1565,19900,layer
1566,20000,layer
1567,20005,layer
1568,19980,layer
1569,19980,layer
1570,19980,layer
1571,19984,layer
1572,20000,layer
1573,19980,layer
1574,19786,layer
1575,19838,layer
1576,20008,layer
1577,20016,layer
1578,19980,layer
1579,19984,layer
1580,19984,layer
1581,20004,layer
1582,19849,layer
1583,19984,layer
1584,20020,layer
1585,20004,layer
1586,20004,layer
1587,19980,layer
1588,19968,layer
1589,19982,layer
1590,19980,layer
1591,20000,layer
1592,19856,layer
1593,19826,layer
1594,20004,layer
1595,20004,layer
1596,19984,layer
1597,19980,layer
1598,19973,layer
1599,19964,layer
1600,19840,layer
1601,19827,layer
1602,20000,layer
1603,20006,layer
1604,20000,layer
1605,20000,layer
1606,19964,layer
1607,19980,layer
1608,20010,layer
1609,19980,layer
1610,19984,layer
1611,19844,layer
1612,19840,layer
1613,20020,layer
1614,20004,layer
1615,19980,layer
1616,19980,layer
1617,19968,layer
1618,20011,layer
1619,19860,layer
1620,19984,layer
1621,20018,layer
1622,20000,layer
1623,20020,layer
1624,19980,layer
1625,19971,layer
1626,19980,layer
1627,19980,layer
1628,19984,layer
1629,19900,layer
1630,19820,layer
1631,20006,layer
1632,20013,layer
1633,20000,layer
1634,20004,layer
1635,19980,layer
1636,19964,layer
1637,19920,layer
1638,19840,layer
1639,19960,layer
1640,20020,layer
1641,20000,layer
1642,19982,layer
1643,19996,layer
1644,19980,layer
1645,20000,layer
1646,19984,layer
1647,19978,layer
1648,19980,layer
1649,19842,layer
1650,19840,layer
1651,20020,layer
1652,20017,layer
1653,20000,layer
1654,19984,layer
1655,20000,layer
1656,19988,layer
1657,19860,layer
1658,19840,layer
1659,19998,layer
1660,20020,layer
1661,20020,layer
1662,20020,layer
1663,19980,layer
1664,19977,layer
1665,19980,layer
1666,20000,layer
1667,19980,layer
1668,19960,layer
1669,19840,layer
1670,19960,layer
1671,20000,layer
1672,20000,layer
1673,19992,layer
1674,19964,layer
1675,19980,layer
1676,19960,layer
1677,19840,layer
1678,19924,layer
1679,20020,layer
1680,20020,layer
1681,19984,layer
1682,19999,layer
1683,19960,layer
1684,19980,layer
1685,20000,layer
1686,20000,layer
1687,20000,layer
1688,19840,layer
1689,19820,layer
1690,20016,layer
1691,20000,layer
1692,20000,layer
1693,19978,layer
1694,19980,layer
1695,19980,layer
1696,19860,layer
1697,19984,layer
1698,20020,layer
1699,20002,layer
1700,20006,layer
1701,19960,layer
1702,19960,layer
1703,20000,layer
1704,20000,layer
1705,20000,layer
1706,19996,layer
1707,19840,layer
1708,19929,layer
1709,20000,layer
1710,20000,layer
1711,19980,layer
1712,19970,layer
1713,19980,layer
1714,19940,layer
1715,19836,layer
1716,19940,layer
1717,20014,layer
1718,20020,layer
1719,20000,layer
1720,20000,layer
1721,19984,layer
1722,20000,layer
1723,20020,layer
1724,20013,layer
1725,19992,layer
1726,20005,layer
1727,20004,layer
1728,20000,layer
1729,20000,layer
1730,20000,boundary
1731,20004,layer
1732,19964,layer
1733,19960,layer
1734,19966,layer
1735,19980,layer
1736,20000,layer
1737,20000,layer
1738,19980,layer
1739,19980,layer
1740,19960,layer
1741,19962,layer
1742,19964,layer
1743,19976,layer
1744,19966,layer
1745,19993,layer
1746,19980,layer
1747,19992,layer
1748,19958,layer
1749,19980,layer
1750,19964,layer
1751,19920,layer
1752,19840,layer
1753,20101,layer
1754,19840,layer
1755,20020,layer
1756,20000,layer
1757,20012,layer
1758,19980,layer
1759,19980,layer
1760,19980,layer
1761,19966,layer
1762,19982,layer
1763,20004,layer
1764,19980,layer
1765,19980,layer
1766,19992,layer
1767,19980,layer
1768,20005,layer
1769,20000,layer
1770,19992,layer
1771,19992,layer
1772,19984,layer
1773,19984,layer
1774,20000,layer
1775,19860,layer
1776,19840,layer
1777,19847,layer
1778,19860,layer
1779,20020,layer
1780,20024,layer
1781,20005,layer
1782,19985,layer
1783,19981,layer
1784,20000,layer
1785,20004,layer
1786,20000,layer
1787,19992,layer
1788,20000,layer
1789,19976,layer
1790,19966,layer
1791,19960,layer
1792,19960,layer
1793,19980,layer
1794,20000,layer
1795,19980,layer
1796,19980,layer
1797,19980,layer
1798,19980,layer
1799,19958,layer
1800,20000,layer
1801,19984,layer
1802,19860,layer
1803,19844,layer
1804,19840,layer
1805,19940,layer
1806,20013,layer
1807,20020,layer
1808,20000,layer
1809,19980,layer
1810,19980,layer
1811,19980,layer
1812,19987,layer
1813,19979,layer
1814,19980,layer
1815,19980,layer
1816,19967,layer
1817,20000,layer
1818,19992,layer
1819,19984,layer
1820,19980,layer
1821,19980,layer
1822,19988,layer
1823,20005,layer
1824,19984,layer
1825,19797,layer
1826,19840,layer
1827,19860,layer
1828,19982,layer
1829,20004,layer
1830,20004,layer
1831,20020,layer
1832,19984,layer
1833,19980,layer
1834,19980,layer
1835,19964,layer
1836,19967,layer
1837,19980,layer
1838,20000,layer
1839,20000,layer
1840,19964,layer
1841,19967,layer
1842,19960,layer
1843,19980,layer
1844,19980,layer
1845,19984,layer
1846,20000,layer
1847,19964,layer
1848,19984,layer
1849,19980,layer
1850,19980,layer
1851,19920,layer
1852,19844,layer
1853,19840,layer
1854,19860,layer
1855,20060,layer
1856,20002,layer
1857,19978,layer
1858,19980,layer
1859,19984,layer
1860,19984,layer
1861,19980,layer
1862,19980,layer
1863,20000,layer
1864,19980,layer
1865,19980,layer
1866,19980,layer
1867,20004,layer
1868,19980,layer
1869,19976,layer
1870,19980,layer
1871,19980,layer
1872,19996,layer
1873,20020,layer
1874,20000,layer
1875,19842,layer
1876,19840,layer
1877,19844,layer
1878,19860,layer
1879,20020,layer
1880,20006,layer
1881,20005,layer
1882,20004,layer
1883,19958,layer
1884,19984,layer
1885,19980,layer
1886,19980,layer
1887,19984,layer
1888,20000,layer
1889,19986,layer
1890,19976,layer
1891,19984,layer
1892,19984,layer
1893,19993,layer
1894,19978,layer
1895,20000,layer
1896,19980,layer
1897,19980,layer
1898,19971,layer
1899,19980,layer
1900,20000,layer
1901,19853,layer
1902,19840,layer
1903,19840,layer
1904,19940,layer
1905,20020,layer
1906,19998,layer
1907,19980,layer
1908,19980,layer
1909,19980,layer
1910,20000,layer
1911,19984,layer
1912,19984,layer
1913,19980,layer
1914,19984,layer
1915,20000,layer
1916,19984,layer
1917,20004,layer
1918,20005,layer
1919,20000,layer
1920,19984,layer
1921,19980,layer
1922,19979,layer
1923,19980,layer
1924,19960,layer
1925,19840,layer
1926,19840,layer
1927,19860,layer
1928,20004,layer
1929,20009,layer
1930,20000,layer
1931,20020,layer
1932,19993,layer
1933,19980,layer
1934,19980,layer
1935,20000,layer
1936,19980,layer
1937,20000,layer
1938,19984,layer
1939,19980,layer
1940,19980,layer
1941,19980,layer
1942,19984,layer
1943,19980,layer
1944,19982,layer
1945,19980,layer
1946,19959,layer
1947,19979,layer
1948,20000,layer
1949,20000,layer
1950,19959,layer
1951,19904,layer
1952,19820,layer
1953,19816,layer
1954,19860,layer
1955,20053,layer
1956,20000,layer
1957,19982,layer
1958,19964,layer
1959,19980,layer
1960,20000,layer
1961,19984,layer
1962,19980,layer
1963,19980,layer
1964,19984,layer
1965,19980,layer
1966,19980,layer
1967,19986,layer
1968,19980,layer
1969,19980,layer
1970,20005,layer
1971,20011,layer
1972,19992,layer
1973,19998,layer
1974,19992,layer
1975,19860,layer
1976,19837,layer
1977,19840,layer
1978,19860,layer
1979,20006,layer
1980,20004,layer
1981,20000,layer
1982,20000,layer
1983,19960,layer
1984,19960,layer
1985,19964,layer
1986,19984,layer
1987,19980,layer
1988,19980,layer
1989,19968,layer
1990,19964,layer
1991,19980,layer
1992,19980,layer
1993,19960,layer
1994,19980,layer
1995,19964,layer
1996,19980,layer
1997,19980,layer
1998,19980,layer
1999,19968,layer
2000,19980,layer
2001,19978,layer
2002,19840,layer
2003,19840,layer
2004,19883,layer
2005,19984,layer
2006,20044,layer
2007,20020,layer
2008,19984,layer
2009,19980,layer
2010,19984,layer
2011,19980,layer
2012,19987,layer
2013,20020,layer
2014,19984,layer
2015,19980,layer
2016,19980,layer
2017,20026,layer
2018,19992,layer
2019,19982,layer
2020,19984,layer
2021,19980,layer
2022,19978,layer
2023,19984,layer
2024,19980,layer
2025,19980,layer
2026,19814,layer
2027,19840,layer
2028,19846,layer
2029,19960,layer
2030,20020,layer
2031,20004,layer
2032,20009,layer
2033,19960,layer
2034,19977,layer
2035,19998,layer
2036,19980,layer
2037,19980,layer
2038,20005,layer
2039,19980,layer
2040,19980,layer
2041,19958,layer
2042,19960,layer
2043,19980,layer
2044,19960,layer
2045,19966,layer
2046,19984,layer
2047,20000,layer
2048,20010,layer
2049,19980,layer
2050,19980,layer
2051,19980,layer
2052,19938,layer
2053,19832,layer
2054,19844,layer
2055,19860,layer
2056,20040,layer
2057,19968,layer
2058,19964,layer
2059,19980,layer
2060,20000,layer
2061,20005,layer
2062,20000,layer
2063,19966,layer
2064,19980,layer
2065,19964,layer
2066,19964,layer
2067,19980,layer
2068,20000,layer
2069,19980,layer
2070,19980,layer
2071,20000,layer
2072,20000,layer
2073,19976,layer
2074,20010,layer
2075,19900,layer
2076,19840,layer
2077,19842,layer
2078,19850,layer
2079,20000,layer
2080,20013,layer
2081,20000,layer
2082,20000,layer
2083,19980,layer
2084,20004,layer
2085,20020,layer
2086,20020,layer
2087,20004,layer
2088,19984,layer
2089,19986,layer
2090,19986,boundary
2091,19942,layer
2092,19960,layer
2093,20000,layer
2094,20004,layer
2095,19824,layer
2096,19798,layer
2097,19820,layer
2098,20022,layer
2099,19840,layer
2100,19844,layer
2101,19860,layer
2102,19900,layer
2103,19878,layer
2104,19922,layer
2105,20014,layer
2106,19940,layer
2107,19924,layer
2108,20000,layer
2109,19880,layer
2110,19818,layer
2111,19853,layer
2112,20080,layer
2113,19900,layer
2114,19880,layer
2115,19900,layer
2116,19960,layer
2117,19926,layer
2118,19940,layer
2119,20020,layer
2120,19924,layer
2121,19900,layer
2122,19940,layer
2123,19900,layer
2124,19844,layer
2125,19840,layer
2126,19993,layer
2127,19920,layer
2128,19924,layer
2129,19960,layer
2130,19966,layer
2131,19944,layer
2132,19940,layer
2133,19977,layer
2134,19924,layer
2135,19920,layer
2136,19968,layer
2137,19920,layer
2138,19855,layer
2139,19840,layer
2140,19976,layer
2141,19880,layer
2142,19858,layer
2143,19864,layer
2144,19887,layer
2145,19926,layer
2146,19963,layer
2147,20000,layer
2148,19940,layer
2149,19960,layer
2150,20000,layer
2151,20027,layer
2152,20000,layer
2153,20000,layer
2154,20000,layer
2155,20000,layer
2156,20000,layer
2157,20004,layer
2158,20000,layer
2159,20004,layer
2160,19987,layer
2161,20020,layer
2162,20004,layer
2163,20006,layer
2164,20006,boundary
2165,19944,layer
2166,20020,layer
2167,20000,layer
2168,20000,layer
2169,19984,layer
2170,19978,layer
2171,19987,layer
2172,20000,layer
2173,19980,layer
2174,19996,layer
2175,19980,layer
2176,19993,layer
2177,19980,layer
2178,20000,layer
2179,19967,layer
2180,19960,layer
2181,19964,layer
2182,19980,layer
2183,19980,layer
2184,19980,layer
2185,19980,layer
2186,19880,layer
2187,19860,layer
2188,19860,layer
2189,19879,layer
2190,19900,layer
2191,19920,layer
2192,19955,layer
2193,19980,layer
2194,19978,layer
2195,19962,layer
2196,19980,layer
2197,19980,layer
2198,19960,layer
2199,19960,layer
2200,19960,layer
2201,19966,layer
2202,19960,layer
2203,19967,layer
2204,19944,layer
2205,19940,layer
2206,19959,layer
2207,19958,layer
2208,19960,layer
2209,19960,layer
2210,19944,layer
2211,20020,layer
2212,20000,layer
2213,19987,layer
2214,19984,layer
2215,19980,layer
2216,19980,layer
2217,20000,layer
2218,19984,layer
2219,20000,layer
2220,19984,layer
2221,19940,layer
2222,20004,layer
2223,20000,layer
2224,20000,layer
2225,20020,layer
2226,19960,layer
2227,19958,layer
2228,19960,layer
2229,19980,layer
2230,20006,layer
2231,19984,layer
2232,19958,layer
2233,19980,layer
2234,19984,layer
2235,19980,layer
2236,19980,layer
2237,19980,layer
2238,19964,layer
2239,19980,layer
2240,19980,layer
2241,20004,layer
2242,19999,layer
2243,19860,layer
2244,19847,layer
2245,19860,layer
2246,19868,layer
2247,19872,layer
2248,19940,layer
2249,19980,layer
2250,19979,layer
2251,19980,layer
2252,19973,layer
2253,19980,layer
2254,19980,layer
2255,19947,layer
2256,19940,layer
2257,19958,layer
2258,19963,layer
2259,19960,layer
2260,19980,layer
2261,19960,layer
2262,19978,layer
2263,19960,layer
2264,19980,layer
2265,19980,layer
2266,19960,layer
2267,19992,layer
2268,20010,layer
2269,19980,layer
2270,19980,layer
2271,19987,layer
2272,19980,layer
2273,19984,layer
2274,19984,layer
2275,19980,layer
2276,19980,layer
2277,20000,layer
2278,20000,layer
2279,19980,layer
2280,20014,layer
2281,20014,layer
2282,20000,layer
2283,20000,boundary
2284,19958,layer
2285,20000,layer
2286,20004,layer
2287,20000,layer
2288,20000,layer
2289,19960,layer
2290,19960,layer
2291,19960,layer
2292,19964,layer
2293,19980,layer
2294,19980,layer
2295,20000,layer
2296,20010,layer
2297,20004,layer
2298,19966,layer
2299,19980,layer
2300,19980,layer
2301,19980,layer
2302,19968,layer
2303,20010,layer
2304,20000,layer
2305,19963,layer
2306,19840,layer
2307,19844,layer
2308,19860,layer
2309,19865,layer
2310,19904,layer
2311,19904,layer
2312,19980,layer
2313,19980,layer
2314,19967,layer
2315,19980,layer
2316,20014,layer
2317,19944,layer
2318,19940,layer
2319,19940,layer
2320,19964,layer
2321,19966,layer
2322,19960,layer
2323,19940,layer
2324,19940,layer
2325,19960,layer
2326,19956,layer
2327,19964,layer
2328,19966,layer
2329,19944,layer
2330,20000,layer
2331,20040,layer
2332,20020,layer
2333,19987,layer
2334,19940,layer
2335,19945,layer
2336,19980,layer
2337,20000,layer
2338,20000,layer
2339,19980,layer
2340,19980,layer
2341,20000,layer
2342,19980,layer
2343,19980,layer
2344,19980,layer
2345,19980,layer
2346,19980,layer
2347,19980,layer
2348,19958,layer
2349,19984,layer
2350,19984,layer
2351,19979,layer
2352,19880,layer
2353,19880,layer
2354,19900,layer
2355,19900,layer
2356,19940,layer
2357,19960,layer
2358,19980,layer
2359,19964,layer
2360,19964,layer
2361,19959,layer
2362,19952,layer
2363,19960,layer
2364,19980,layer
2365,19964,layer
2366,19951,layer
2367,19958,layer
2368,19964,layer
2369,19967,layer
2370,19960,layer
2371,19960,layer
2372,19968,layer
2373,19948,layer
2374,19964,layer
2375,19980,layer
2376,20018,layer
2377,20004,layer
2378,19980,layer
2379,19980,layer
2380,19976,layer
2381,19980,layer
2382,19924,layer
2383,20004,layer
2384,20020,layer
2385,20007,layer
2386,20014,layer
2387,19966,layer
2388,19936,layer
2389,19940,layer
2390,19960,layer
2391,19984,layer
2392,19980,layer
2393,19960,layer
2394,19948,layer
2395,19964,layer
2396,19982,layer
2397,19980,layer
2398,19964,layer
2399,19980,layer
2400,19980,layer
2401,19980,layer
2402,19980,layer
2403,19980,layer
2404,19900,layer
2405,19860,layer
2406,19867,layer
2407,19880,layer
2408,19940,layer
2409,19992,layer
2410,19980,layer
2411,19960,layer
2412,19980,layer
2413,19978,layer
2414,19960,layer
2415,19942,layer
2416,19954,layer
2417,19960,layer
2418,19960,layer
2419,19960,layer
2420,19956,layer
2421,19967,layer
2422,19980,layer
2423,19964,layer
2424,19940,layer
2425,19940,layer
2426,19960,layer
2427,19944,layer
2428,19960,layer
2429,20047,layer
2430,20020,layer
2431,20004,layer
2432,19980,layer
2433,19966,layer
2434,20005,layer
2435,20004,layer
2436,20005,layer
2437,19980,layer
2438,19998,layer
2439,20000,layer
2440,19990,layer
2441,19969,layer
2442,19980,layer
2443,19980,layer
2444,19996,layer
2445,19980,layer
2446,19980,layer
2447,19997,layer
2448,19980,layer
2449,19900,layer
2450,19846,layer
2451,19862,layer
2452,19880,layer
2453,19904,layer
2454,19940,layer
2455,19982,layer
2456,19980,layer
2457,19964,layer
2458,19960,layer
2459,19960,layer
2460,19980,layer
2461,19980,layer
2462,19980,layer
2463,19964,layer
2464,19964,layer
2465,19960,layer
2466,19962,layer
2467,19940,layer
2468,19944,layer
2469,19960,layer
2470,19960,layer
2471,19960,layer
2472,19966,layer
2473,19964,layer
2474,20000,layer
2475,20005,layer
2476,19980,layer
2477,19980,layer
2478,19980,layer
2479,19980,layer
2480,19966,layer
2481,20004,layer
2482,19978,layer
2483,20020,layer
2484,20004,layer
2485,20000,layer
2486,20000,boundary
2487,19940,layer
2488,20000,layer
2489,20004,layer
2490,20000,layer
2491,20006,layer
2492,19980,layer
2493,19960,layer
2494,19980,layer
2495,19984,layer
2496,19980,layer
2497,20005,layer
2498,20020,layer
2499,20000,layer
2500,19980,layer
2501,19980,layer
2502,19960,layer
2503,19966,layer
2504,19960,layer
2505,19980,layer
2506,19966,layer
2507,19980,layer
2508,19984,layer
2509,20029,layer
2510,20101,layer
2511,19820,layer
2512,19844,layer
2513,19850,layer
2514,19900,layer
2515,19929,layer
2516,19960,layer
2517,19960,layer
2518,19963,layer
2519,19940,layer
2520,19940,layer
2521,19960,layer
2522,19954,layer
2523,19958,layer
2524,19960,layer
2525,19960,layer
2526,19958,layer
2527,19960,layer
2528,19960,layer
2529,19960,layer
2530,19964,layer
2531,19973,layer
2532,19960,layer
2533,19944,layer
2534,19959,layer
2535,20040,layer
2536,20040,layer
2537,20000,layer
2538,19962,layer
2539,19980,layer
2540,19984,layer
2541,19999,layer
2542,19980,layer
2543,19960,layer
2544,19960,layer
2545,20025,layer
2546,19980,layer
2547,19980,layer
2548,19980,layer
2549,19980,layer
2550,20000,layer
2551,20000,layer
2552,20004,layer
2553,19980,layer
2554,20000,layer
2555,19980,layer
2556,19856,layer
2557,19827,layer
2558,19844,layer
2559,19864,layer
2560,19880,layer
2561,19900,layer
2562,19960,layer
2563,19980,layer
2564,19960,layer
2565,19942,layer
2566,19940,layer
2567,19960,layer
2568,19948,layer
2569,19960,layer
2570,19960,layer
2571,19964,layer
2572,19958,layer
2573,19963,layer
2574,19960,layer
2575,19964,layer
2576,19946,layer
2577,19948,layer
2578,19960,layer
2579,19960,layer
2580,19960,layer
2581,20004,layer
2582,20004,layer
2583,20011,layer
2584,19959,layer
2585,19969,layer
2586,19982,layer
2587,19950,layer
2588,20004,layer
2589,20000,layer
2590,20004,layer
2591,20000,layer
2592,20004,layer
2593,19963,layer
2594,19946,layer
2595,19966,layer
2596,20003,layer
2597,20000,layer
2598,19980,layer
2599,19967,layer
2600,19955,layer
2601,19980,layer
2602,19984,layer
2603,19980,layer
2604,19984,layer
2605,19982,layer
2606,19980,layer
2607,19980,layer
2608,19966,layer
2609,19978,layer
2610,19940,layer
2611,19854,layer
2612,19840,layer
2613,19860,layer
2614,19860,layer
2615,19880,layer
2616,19920,layer
2617,19940,layer
2618,19980,layer
2619,19960,layer
2620,19960,layer
2621,19940,layer
2622,19940,layer
2623,19960,layer
2624,19960,layer
2625,19964,layer
2626,19980,layer
2627,19958,layer
2628,19940,layer
2629,19960,layer
2630,19967,layer
2631,19940,layer
2632,19960,layer
2633,19980,layer
2634,19960,layer
2635,19999,layer
2636,20020,layer
2637,20040,layer
2638,20000,layer
2639,19944,layer
2640,19944,layer
2641,19940,layer
2642,19962,layer
2643,19980,layer
2644,20000,layer
2645,20000,layer
2646,19958,layer
2647,19980,layer
2648,19980,layer
2649,19964,layer
2650,19980,layer
2651,19964,layer
2652,19980,layer
2653,20004,layer
2654,20005,layer
2655,20000,layer
2656,19984,layer
2657,19858,layer
2658,19840,layer
2659,19860,layer
2660,19860,layer
2661,19870,layer
2662,19920,layer
2663,19960,layer
2664,19962,layer
2665,19946,layer
2666,19960,layer
2667,19960,layer
2668,19960,layer
2669,19960,layer
2670,19944,layer
2671,19960,layer
2672,19960,layer
2673,19952,layer
2674,19960,layer
2675,19979,layer
2676,19960,layer
2677,19960,layer
2678,19963,layer
2679,19960,layer
2680,19964,layer
2681,19944,layer
2682,20020,layer
2683,19976,layer
2684,19993,layer
2685,19984,layer
2686,19980,layer
2687,20000,layer
2688,19988,layer
2689,20013,layer
2690,20024,layer
2691,20000,layer
2692,20000,layer
2693,20000,layer
2694,19984,layer
2695,20000,layer
2696,20013,layer
2697,20020,layer
2698,20020,layer
2699,20000,layer
2700,19980,layer
2701,19964,layer
2702,19960,layer
2703,19984,layer
2704,20004,layer
2705,20001,layer
2706,20014,layer
2707,20000,layer
2708,20000,layer
2709,19980,layer
2710,20000,layer
2711,20000,layer
2712,20000,layer
2713,20000,layer
2714,20000,boundary
2715,19968,layer
2716,19964,layer
2717,19960,layer
2718,19982,layer
2719,19980,layer
2720,19992,layer
2721,19980,layer
2722,19967,layer
2723,19960,layer
2724,19960,layer
2725,19960,layer
2726,20003,layer
2727,19984,layer
2728,20004,layer
2729,19880,layer
2730,19816,layer
2731,19840,layer
2732,19846,layer
2733,19960,layer
2734,20020,layer
2735,20007,layer
2736,19984,layer
2737,20000,layer
2738,19999,layer
2739,19984,layer
2740,20000,layer
2741,19980,layer
2742,19980,layer
2743,19964,layer
2744,19982,layer
2745,19980,layer
2746,19900,layer
2747,19820,layer
2748,19840,layer
2749,19846,layer
2750,19924,layer
2751,20000,layer
2752,19980,layer
2753,20000,layer
2754,19980,layer
2755,19980,layer
2756,19980,layer
2757,19984,layer
2758,19980,layer
2759,20000,layer
2760,19968,layer
2761,19980,layer
2762,19940,layer
2763,19840,layer
2764,19840,layer
2765,19840,layer
2766,19900,layer
2767,20009,layer
2768,20000,layer
2769,19980,layer
2770,20000,layer
2771,20000,layer
2772,19958,layer
2773,20000,layer
2774,19980,layer
2775,20000,layer
2776,19980,layer
2777,19980,layer
2778,20000,layer
2779,19960,layer
2780,19820,layer
2781,19840,layer
2782,19850,layer
2783,19900,layer
2784,20024,layer
2785,19976,layer
2786,19980,layer
2787,20001,layer
2788,19998,layer
2789,20000,layer
2790,19964,layer
2791,19984,layer
2792,19980,layer
2793,19980,layer
2794,19980,layer
2795,19980,layer
2796,19960,layer
2797,19836,layer
2798,19840,layer
2799,19840,layer
2800,19860,layer
2801,20022,layer
2802,19979,layer
2803,20000,layer
2804,20005,layer
2805,19980,layer
2806,19987,layer
2807,19960,layer
2808,19980,layer
2809,19980,layer
2810,19980,layer
2811,19964,layer
2812,19980,layer
2813,19980,layer
2814,19840,layer
2815,19824,layer
2816,19832,layer
2817,19863,layer
2818,20042,layer
2819,20000,layer
2820,19989,layer
2821,20004,layer
2822,19980,layer
2823,19980,layer
2824,19980,layer
2825,19977,layer
2826,19980,layer
2827,19980,layer
2828,19998,layer
2829,19840,layer
2830,19840,layer
2831,19860,layer
2832,19916,layer
2833,20060,layer
2834,20020,layer
2835,20000,layer
2836,20005,layer
2837,19987,layer
2838,19978,layer
2839,19980,layer
2840,19980,layer
2841,20000,layer
2842,20000,layer
2843,20000,layer
2844,19980,layer
2845,19980,layer
2846,19960,layer
2847,19860,layer
2848,19840,layer
2849,19860,layer
2850,19864,layer
2851,20020,layer
2852,20000,layer
2853,20000,layer
2854,19964,layer
2855,19963,layer
2856,19978,layer
2857,20000,layer
2858,19984,layer
2859,19966,layer
2860,19980,layer
2861,19980,layer
2862,20000,layer
2863,19964,layer
2864,19840,layer
2865,19784,layer
2866,19866,layer
2867,19907,layer
2868,20060,layer
2869,20040,layer
2870,19984,layer
2871,19980,layer
2872,19985,layer
2873,20000,layer
2874,20000,layer
2875,20000,layer
2876,19992,layer
2877,19996,layer
2878,19978,layer
2879,20000,layer
2880,19978,layer
2881,19844,layer
2882,19840,layer
2883,19860,layer
2884,19900,layer
2885,20060,layer
2886,20000,layer
2887,19980,layer
2888,19980,layer
2889,19980,layer
2890,20003,layer
2891,20011,layer
2892,19980,layer
2893,19984,layer
2894,19960,layer
2895,19964,layer
2896,19980,layer
2897,20000,layer
2898,19860,layer
2899,19820,layer
2900,19840,layer
2901,19860,layer
2902,20000,layer
2903,20007,layer
2904,19984,layer
2905,19980,layer
2906,19980,layer
2907,19966,layer
2908,19996,layer
2909,19984,layer
2910,20000,layer
2911,19976,layer
2912,19980,layer
2913,19962,layer
2914,19960,layer
2915,19880,layer
2916,19844,layer
2917,19840,layer
2918,19864,layer
2919,20002,layer
2920,20040,layer
2921,19980,layer
2922,19980,layer
2923,20000,layer
2924,20005,layer
2925,20004,layer
2926,19988,layer
2927,19984,layer
2928,19980,layer
2929,20004,layer
2930,19991,layer
2931,19989,layer
2932,19904,layer
2933,19826,layer
2934,19860,layer
2935,19880,layer
2936,19930,layer
2937,20020,layer
2938,20006,layer
2939,20000,layer
2940,20001,layer
2941,19980,layer
2942,19980,layer
2943,19980,layer
2944,20004,layer
2945,20005,layer
2946,19980,layer
2947,19980,layer
2948,20000,layer
2949,19960,layer
2950,19846,layer
2951,19840,layer
2952,19864,layer
2953,19920,layer
2954,20020,layer
2955,20004,layer
2956,19968,layer
2957,20000,layer
2958,20000,layer
2959,19960,layer
2960,19964,layer
2961,19980,layer
2962,19992,layer
2963,19980,layer
2964,19960,layer
2965,19987,layer
2966,19960,layer
2967,19840,layer
2968,19856,layer
2969,19860,layer
2970,19864,layer
2971,20040,layer
2972,20020,layer
2973,19992,layer
2974,19976,layer
2975,19978,layer
2976,19984,layer
2977,19980,layer
2978,20000,layer
2979,20000,layer
2980,20000,layer
2981,20000,layer
2982,19985,layer
2983,19964,layer
2984,19840,layer
2985,19840,layer
2986,19860,layer
2987,19880,layer
2988,20020,layer
2989,20023,layer
2990,20020,layer
2991,20007,layer
2992,19980,layer
2993,20000,layer
2994,20020,layer
2995,20000,layer
2996,19980,layer
2997,19976,layer
2998,19980,layer
2999,20000,layer
3000,19840,layer
3001,19840,layer
3002,19846,layer
3003,19867,layer
3004,20020,layer
3005,20024,layer
3006,20000,layer
3007,19980,layer
3008,19980,layer
3009,19992,layer
3010,19984,layer
3011,20004,layer
3012,19980,layer
3013,19980,layer
3014,19968,layer
3015,19980,layer
3016,19860,layer
3017,19932,layer
3018,19846,layer
3019,19864,layer
3020,20020,layer
3021,20007,layer
3022,20000,layer
3023,19980,layer
3024,19964,layer
3025,19966,layer
3026,20005,layer
3027,20000,layer
3028,19980,layer
3029,19958,layer
3030,19980,layer
3031,19980,layer
3032,19978,layer
3033,19880,layer
3034,19840,layer
3035,19854,layer
3036,19860,layer
3037,19992,layer
3038,20040,layer
3039,20014,layer
3040,20004,layer
3041,19964,layer
3042,19964,layer
3043,19980,layer
3044,19994,layer
3045,20000,layer
3046,20005,layer
3047,20000,layer
3048,20011,layer
3049,20000,layer
3050,19920,layer
3051,19833,layer
3052,19840,layer
3053,19860,layer
3054,19924,layer
3055,20040,layer
3056,20008,layer
3057,19980,layer
3058,19978,layer
3059,19986,layer
3060,20000,layer
3061,20005,layer
3062,20010,layer
3063,19973,layer
3064,19964,layer
3065,19980,layer
3066,19920,layer
3067,19940,layer
3068,19833,layer
3069,19847,layer
3070,19880,layer
3071,19940,layer
3072,20020,layer
3073,20000,layer
3074,20000,layer
3075,20011,layer
3076,20008,layer
3077,20000,layer
3078,20004,layer
3079,20000,layer
3080,19980,layer
3081,19977,layer
3082,19980,layer
3083,19966,layer
3084,19832,layer
3085,19840,layer
3086,19864,layer
3087,19904,layer
3088,20020,layer
3089,20040,layer
3090,19980,layer
3091,19964,layer
3092,19980,layer
3093,19984,layer
3094,19968,layer
3095,19980,layer
3096,19980,layer
3097,19984,layer
3098,19980,layer
3099,19980,layer
3100,19960,layer
3101,19840,layer
3102,19840,layer
3103,19860,layer
3104,19880,layer
3105,20022,layer
3106,20020,layer
3107,19980,layer
3108,19976,layer
3109,20004,layer
3110,19980,layer
3111,19944,layer
3112,19957,layer
3113,19964,layer
3114,20010,layer
3115,19980,layer
3116,19980,layer
3117,19960,layer
3118,19860,layer
3119,19815,layer
3120,19844,layer
3121,19858,layer
3122,20000,layer
3123,20020,layer
3124,20008,layer
3125,20004,layer
3126,20000,layer
3127,19980,layer
3128,19980,layer
3129,19986,layer
3130,20000,layer
3131,20000,layer
3132,19993,layer
3133,19986,layer
3134,19872,layer
3135,19860,layer
3136,19857,layer
3137,19860,layer
3138,19940,layer
3139,20024,layer
3140,20020,layer
3141,19993,layer
3142,19980,layer
3143,19966,layer
3144,19980,layer
3145,19968,layer
3146,19980,layer
3147,20000,layer
3148,20000,layer
3149,19957,layer
3150,19980,layer
3151,19920,layer
3152,19839,layer
3153,19860,layer
3154,19860,layer
3155,19920,layer
3156,20020,layer
3157,19980,layer
3158,20000,layer
3159,19984,layer
3160,19980,layer
3161,19980,layer
3162,20000,layer
3163,20003,layer
3164,19968,layer
3165,19980,layer
3166,19980,layer
3167,20000,layer
3168,19960,layer
3169,19820,layer
3170,19840,layer
3171,19840,layer
3172,19880,layer
3173,20040,layer
3174,20028,layer
3175,19980,layer
3176,19984,layer
3177,19984,layer
3178,19999,layer
3179,19987,layer
3180,19982,layer
3181,20000,layer
3182,19982,layer
3183,19980,layer
3184,19977,layer
3185,19966,layer
3186,19852,layer
3187,19840,layer
3188,19840,layer
3189,19880,layer
3190,20060,layer
3191,20020,layer
3192,20000,layer
3193,19980,layer
3194,20000,layer
3195,19984,layer
3196,19980,layer
3197,19980,layer
3198,19980,layer
3199,19980,layer
3200,19978,layer
3201,19980,layer
3202,19840,layer
3203,19820,layer
3204,19840,layer
3205,19860,layer
3206,20020,layer
3207,20000,layer
3208,20000,layer
3209,19985,layer
3210,19998,layer
3211,20000,layer
3212,19980,layer
3213,19980,layer
3214,19980,layer
3215,19980,layer
3216,19980,layer
3217,20000,layer
3218,19980,layer
3219,19860,layer
3220,19824,layer
3221,19840,layer
3222,19880,layer
3223,20040,layer
3224,20020,layer
3225,19996,layer
3226,19980,layer
3227,19984,layer
3228,19980,layer
3229,19994,layer
3230,20005,layer
3231,19980,layer
3232,19969,layer
3233,20000,layer
3234,20000,layer
3235,19964,layer
3236,19860,layer
3237,19840,layer
3238,19859,layer
3239,19880,layer
3240,20020,layer
3241,20007,layer
3242,19980,layer
3243,19980,layer
3244,19980,layer
3245,20000,layer
3246,20002,layer
3247,19966,layer
3248,19980,layer
3249,19968,layer
3250,19980,layer
3251,19980,layer
3252,20000,layer
3253,19900,layer
3254,19840,layer
3255,19860,layer
3256,19860,layer
3257,19964,layer
3258,20020,layer
3259,20020,layer
3260,19980,layer
3261,19986,layer
3262,19980,layer
3263,19987,layer
3264,20000,layer
3265,19980,layer
3266,19980,layer
3267,19964,layer
3268,19960,layer
3269,19968,layer
3270,19860,layer
3271,19884,layer
3272,19960,layer
3273,20020,layer
3274,20000,layer
3275,20000,layer
3276,19980,layer
3277,20000,layer
3278,20000,layer
3279,20015,layer
3280,19968,layer
3281,19980,layer
3282,20004,layer
3283,19988,layer
3284,19980,layer
3285,19940,layer
3286,19837,layer
3287,19840,layer
3288,19860,layer
3289,19904,layer
3290,20020,layer
3291,20020,layer
3292,20004,layer
3293,20000,layer
3294,19986,layer
3295,19980,layer
3296,19996,layer
3297,19984,layer
3298,19980,layer
3299,19980,layer
3300,19966,layer
3301,19980,layer
3302,19963,layer
3303,19820,layer
3304,19833,layer
3305,19844,layer
3306,19847,layer
3307,20011,layer
3308,20000,layer
3309,19980,layer
3310,20000,layer
3311,19980,layer
3312,19980,layer
3313,20007,layer
3314,19980,layer
3315,19980,layer
3316,19980,layer
3317,19984,layer
3318,19957,layer
3319,19820,layer
3320,19845,layer
3321,19860,layer
3322,19884,layer
3323,20020,layer
3324,20020,layer
3325,20000,layer
3326,19980,layer
3327,19980,layer
3328,20004,layer
3329,20000,layer
3330,20018,layer
3331,20004,layer
3332,20000,layer
3333,19958,layer
3334,19940,layer
3335,19844,layer
3336,19840,layer
3337,19860,layer
3338,19860,layer
3339,20020,layer
3340,20020,layer
3341,20000,layer
3342,19980,layer
3343,19980,layer
3344,19984,layer
3345,19980,layer
3346,20004,layer
3347,19980,layer
3348,19980,layer
3349,19966,layer
3350,19980,layer
3351,19980,layer
3352,19854,layer
3353,19840,layer
3354,19860,layer
3355,19900,layer
3356,20040,layer
3357,20020,layer
3358,19980,layer
3359,19980,layer
3360,19980,layer
3361,19984,layer
3362,19984,layer
3363,20007,layer
3364,20000,layer
3365,19960,layer
3366,19960,layer
3367,20005,layer
3368,19978,layer
3369,19880,layer
3370,19820,layer
3371,19840,layer
3372,19872,layer
3373,19980,layer
3374,20020,layer
3375,20012,layer
3376,19980,layer
3377,20004,layer
3378,19992,layer
3379,20000,layer
3380,19980,layer
3381,19960,layer
3382,19964,layer
3383,19978,layer
3384,19980,layer
3385,19980,layer
3386,20007,layer
3387,19840,layer
3388,19840,layer
3389,19840,layer
3390,19900,layer
3391,20040,layer
3392,20019,layer
3393,19976,layer
3394,19980,layer
3395,19980,layer
3396,20000,layer
3397,20005,layer
3398,19994,layer
3399,19980,layer
3400,19980,layer
3401,20010,layer
3402,20004,layer
3403,20000,layer
3404,19844,layer
3405,19840,layer
3406,19840,layer
3407,19884,layer
3408,20040,layer
3409,20040,layer
3410,19980,layer
3411,19996,layer
3412,19998,layer
3413,20000,layer
3414,20000,layer
3415,19980,layer
3416,19992,layer
3417,20000,layer
3418,20014,layer
3419,19997,layer
3420,19964,layer
3421,19840,layer
3422,19864,layer
3423,19920,layer
3424,20040,layer
3425,20020,layer
3426,19982,layer
3427,19984,layer
3428,19980,layer
3429,20000,layer
3430,20000,layer
3431,19992,layer
3432,19992,layer
3433,19984,layer
3434,19981,layer
3435,19980,layer
3436,19964,layer
3437,19889,layer
3438,19820,layer
3439,19860,layer
3440,19884,layer
3441,19966,layer
3442,20006,layer
3443,19978,layer
3444,19999,layer
3445,19980,layer
3446,19980,layer
3447,20004,layer
3448,19980,layer
3449,19980,layer
3450,20003,layer
3451,19980,layer
3452,19992,layer
3453,19980,layer
3454,19961,layer
3455,19840,layer
3456,19844,layer
3457,19864,layer
3458,19900,layer
3459,20020,layer
3460,20014,layer
3461,20000,layer
3462,19980,layer
3463,19980,layer
3464,19982,layer
3465,19998,layer
3466,19980,layer
3467,19973,layer
3468,20000,layer
3469,19980,layer
3470,19960,layer
3471,19940,layer
3472,19820,layer
3473,19840,layer
3474,19860,layer
3475,19860,layer
3476,20060,layer
3477,20020,layer
3478,20000,layer
3479,19952,layer
3480,19960,layer
3481,19980,layer
3482,20000,layer
3483,20014,layer
3484,19980,layer
3485,19973,layer
3486,19980,layer
3487,19985,layer
3488,19985,layer
3489,19860,layer
3490,19840,layer
3491,19858,layer
3492,19880,layer
3493,20040,layer
3494,20020,layer
3495,20004,layer
3496,19980,layer
3497,19960,layer
3498,19962,layer
3499,20000,layer
3500,20000,layer
3501,20004,layer
3502,19980,layer
3503,20000,layer
3504,19982,layer
3505,19984,layer
3506,19880,layer
3507,19820,layer
3508,19847,layer
3509,19883,layer
3510,20000,layer
3511,20020,layer
3512,19991,layer
3513,20000,layer
3514,20003,layer
3515,19980,layer
3516,19998,layer
3517,19980,layer
3518,20000,layer
3519,19980,layer
3520,19980,layer
3521,20000,layer
3522,20000,layer
3523,19920,layer
3524,19820,layer
3525,19838,layer
3526,19860,layer
3527,19924,layer
3528,20023,layer
3529,20000,layer
3530,19958,layer
3531,19960,layer
3532,19972,layer
3533,20000,layer
3534,20007,layer
3535,20000,layer
3536,19980,layer
3537,19980,layer
3538,20000,layer
3539,19933,layer
3540,19839,layer
3541,19840,layer
3542,19860,layer
3543,19900,layer
3544,20027,layer
3545,20004,layer
3546,20002,layer
3547,20000,layer
3548,20000,layer
3549,20000,layer
3550,20010,layer
3551,19980,layer
3552,19980,layer
3553,19980,layer
3554,19980,layer
3555,20007,layer
3556,19960,layer
3557,19838,layer
3558,19824,layer
3559,19844,layer
3560,19880,layer
3561,20004,layer
3562,20040,layer
3563,20009,layer
3564,19989,layer
3565,19976,layer
3566,19980,layer
3567,19980,layer
3568,19984,layer
3569,19984,layer
3570,19988,layer
3571,20221,layer
3572,19960,layer
3573,19820,layer
3574,19840,layer
3575,19860,layer
3576,19860,layer
3577,20028,layer
3578,20000,layer
3579,19980,layer
3580,19984,layer
3581,19980,layer
3582,19980,layer
3583,19980,layer
3584,19996,layer
3585,19984,layer
3586,19980,layer
3587,20005,layer
3588,19980,layer
3589,20000,layer
3590,19860,layer
3591,19840,layer
3592,19860,layer
3593,19898,layer
3594,20040,layer
3595,20020,layer
3596,20016,layer
3597,20000,layer
3598,19998,layer
3599,19980,layer
3600,19996,layer
3601,19980,layer
3602,19964,layer
3603,19980,layer
3604,19980,layer
3605,19984,layer
3606,19984,layer
3607,19840,layer
3608,19858,layer
3609,19860,layer
3610,19900,layer
3611,20024,layer
3612,20020,layer
3613,20005,layer
3614,19984,layer
3615,19986,layer
3616,19995,layer
3617,20004,layer
3618,19984,layer
3619,19980,layer
3620,19968,layer
3621,20005,layer
3622,20000,layer
3623,19960,layer
3624,19878,layer
3625,19820,layer
3626,19838,layer
3627,19851,layer
3628,19984,layer
3629,20028,layer
3630,20020,layer
3631,19982,layer
3632,19980,layer
3633,19984,layer
3634,19980,layer
3635,19984,layer
3636,20001,layer
3637,19980,layer
3638,19980,layer
3639,19964,layer
3640,19960,layer
3641,19900,layer
3642,19820,layer
3643,19857,layer
3644,19880,layer
3645,19980,layer
3646,20026,layer
3647,20009,layer
3648,19980,layer
3649,19960,layer
3650,19980,layer
3651,19984,layer
3652,19992,layer
3653,19980,layer
3654,19983,layer
3655,20000,layer
3656,19980,layer
3657,19980,layer
3658,19980,layer
3659,19830,layer
3660,19840,layer
3661,19844,layer
3662,19857,layer
3663,20060,layer
3664,20040,layer
3665,20004,layer
3666,19980,layer
3667,19992,layer
3668,19998,layer
3669,19978,layer
3670,19958,layer
3671,19980,layer
3672,20004,layer
3673,20004,layer
3674,19980,layer
3675,19984,layer
3676,19831,layer
3677,19844,layer
3678,19844,layer
3679,19896,layer
3680,20080,layer
3681,20038,layer
3682,20000,layer
3683,20000,layer
3684,19992,layer
3685,19998,layer
3686,19978,layer
3687,20000,layer
3688,20000,layer
3689,19980,layer
3690,19984,layer
3691,20000,layer
3692,20005,layer
3693,19840,layer
3694,19820,layer
3695,19839,layer
3696,19860,layer
3697,20020,layer
3698,20020,layer
3699,19980,layer
3700,19966,layer
3701,19991,layer
3702,19980,layer
3703,19980,layer
3704,20005,layer
3705,19984,layer
3706,19984,layer
3707,19980,layer
3708,20004,layer
3709,19962,layer
3710,19785,layer
3711,19844,layer
3712,19840,layer
3713,19840,layer
3714,20020,layer
3715,20040,layer
3716,20004,layer
3717,19980,layer
3718,19964,layer
3719,19980,layer
3720,19990,layer
3721,20000,layer
3722,20004,layer
3723,19992,layer
3724,19960,layer
3725,19979,layer
3726,19980,layer
3727,19840,layer
3728,19840,layer
3729,19840,layer
3730,19860,layer
3731,20040,layer
3732,20020,layer
3733,20004,layer
3734,19980,layer
3735,19984,layer
3736,19980,layer
3737,20000,layer
3738,19980,layer
3739,19980,layer
3740,19980,layer
3741,19960,layer
3742,19980,layer
3743,19980,layer
3744,19860,layer
3745,19820,layer
3746,19848,layer
3747,19860,layer
3748,20020,layer
3749,20040,layer
3750,20000,layer
3751,20000,layer
3752,19998,layer
3753,19980,layer
3754,20000,layer
3755,19980,layer
3756,20000,layer
3757,20004,layer
3758,19974,layer
3759,19984,layer
3760,19982,layer
3761,19900,layer
3762,19820,layer
3763,19818,layer
3764,19860,layer
3765,19960,layer
3766,20040,layer
3767,20004,layer
3768,19964,layer
3769,19976,layer
3770,19984,layer
3771,19980,layer
3772,20010,layer
3773,19960,layer
3774,19971,layer
3775,19980,layer
3776,19984,layer
3777,20005,layer
3778,19960,layer
3779,19840,layer
3780,19826,layer
3781,19878,layer
3782,19937,layer
3783,20040,layer
3784,20000,layer
3785,19980,layer
3786,19964,layer
3787,19980,layer
3788,20000,layer
3789,20000,layer
3790,19964,layer
3791,19980,layer
3792,19980,layer
3793,19980,layer
3794,19973,layer
3795,19966,layer
3796,19816,layer
3797,19849,layer
3798,19880,layer
3799,19861,layer
3800,20040,layer
3801,20006,layer
3802,19980,layer
3803,19980,layer
3804,20000,layer
3805,20040,layer
3806,20014,layer
3807,20000,layer
3808,20000,layer
3809,19998,layer
3810,20004,layer
3811,20002,layer
3812,20020,layer
3813,20000,layer
3814,20000,layer
3815,19968,layer
3816,20000,layer
3817,19998,layer
3818,19984,layer
3819,19980,layer
3820,20000,layer
3821,20020,layer
3822,20000,layer
3823,19976,layer
3824,19982,layer
3825,19980,layer
3826,20005,layer
3827,19988,layer
3828,20000,layer
3829,19968,layer
3830,19980,layer
3831,19984,layer
3832,20000,layer
3833,20000,layer
3834,19990,layer
3835,20005,layer
3836,19980,layer
3837,19980,layer
3838,20012,layer
3839,19982,layer
3840,19984,layer
3841,20000,layer
3842,20000,layer
3843,20000,layer
3844,20000,layer
3845,20000,layer
3846,19980,layer
3847,20000,layer
3848,19988,layer
3849,20009,layer
3850,20000,layer
3851,19999,layer
3852,19980,layer
3853,20000,layer
3854,19980,layer
3855,20004,layer
3856,20000,layer
3857,20020,layer
3858,20000,layer
3859,19984,layer
3860,19980,layer
3861,19984,layer
3862,20000,layer
3863,20016,layer
3864,20004,layer
3865,20004,layer
3866,19987,layer
3867,20003,layer
3868,19976,layer
3869,20000,layer
3870,20000,layer
3871,20020,layer
3872,20006,layer
3873,19984,layer
3874,20000,layer
3875,20000,layer
3876,20000,layer
3877,20000,layer
3878,20000,layer
3879,19976,layer
3880,19984,layer
3881,19980,layer
3882,20004,layer
3883,20013,layer
3884,20000,layer
3885,19980,layer
3886,20004,layer
3887,19989,layer
3888,20000,layer
3889,19990,layer
3890,19982,layer
3891,20000,layer
3892,20000,layer
3893,20004,layer
3894,20004,layer
3895,20000,layer
3896,20004,layer
3897,20000,layer
3898,20000,layer
3899,20005,layer
3900,19980,layer
3901,19980,layer
3902,19980,layer
3903,20000,layer
3904,19996,layer
3905,19980,layer
3906,19980,layer
3907,19980,layer
3908,19980,layer
3909,19978,layer
3910,20000,layer
3911,19980,layer
3912,20000,layer
3913,20000,layer
3914,19984,layer
3915,19980,layer
3916,20000,layer
3917,20005,layer
3918,20000,layer
3919,19999,layer
3920,20006,layer
3921,20006,layer
3922,20004,layer
3923,20000,layer
3924,19982,layer
3925,19987,layer
3926,20000,layer
3927,20000,layer
3928,19984,layer
3929,20000,layer
3930,20000,layer
3931,20001,layer
3932,19990,layer
3933,19996,layer
3934,19989,layer
3935,19980,layer
3936,19980,layer
3937,20016,layer
3938,20000,layer
3939,20000,layer
3940,20005,layer
3941,20004,layer
3942,20000,layer
3943,20004,layer
3944,20000,layer
3945,20000,layer
3946,20004,layer
3947,20004,layer
3948,20000,layer
3949,20020,layer
3950,20000,layer
3951,20000,layer
3952,20022,layer
3953,20013,layer
3954,20020,layer
3955,20020,layer
3956,19984,layer
3957,19964,layer
3958,19972,layer
3959,20004,layer
3960,20014,layer
3961,20000,layer
3962,20000,layer
3963,20010,layer
3964,20000,layer
3965,20004,layer
3966,20000,layer
3967,19980,layer
3968,20005,layer
3969,20000,layer
3970,20000,layer
3971,20000,layer
3972,20000,layer
3973,19980,layer
3974,19993,layer
3975,19980,layer
3976,20004,layer
3977,20000,layer
3978,19998,layer
3979,20000,layer
3980,20004,layer
3981,19980,layer
3982,20000,layer
3983,20007,layer
3984,20004,layer
3985,20000,layer
3986,20000,layer
3987,19976,layer
3988,20000,layer
3989,20005,layer
3990,20000,layer
3991,20000,layer
3992,20000,layer
3993,20000,layer
3994,19984,layer
3995,20000,layer
3996,20000,layer
3997,19998,layer
3998,19984,layer
3999,19991,layer
